date,admissions,day,month,year,day_of_week
2017-01-04,1,4,1,2017,2
2017-01-10,2,10,1,2017,1
2017-01-11,2,11,1,2017,2
2017-01-12,11,12,1,2017,3
2017-02-04,2,4,2,2017,5
2017-02-10,5,10,2,2017,4
2017-02-11,2,11,2,2017,5
2017-02-12,9,12,2,2017,6
2017-03-10,8,10,3,2017,4
2017-03-11,8,11,3,2017,5
2017-03-12,7,12,3,2017,6
2017-04-01,29,1,4,2017,5
2017-04-02,13,2,4,2017,6
2017-04-03,26,3,4,2017,0
2017-04-04,20,4,4,2017,1
2017-04-05,7,5,4,2017,2
2017-04-06,11,6,4,2017,3
2017-04-07,6,7,4,2017,4
2017-04-08,11,8,4,2017,5
2017-04-09,8,9,4,2017,6
2017-04-10,9,10,4,2017,0
2017-04-11,16,11,4,2017,1
2017-04-12,20,12,4,2017,2
2017-04-13,11,13,4,2017,3
2017-04-14,8,14,4,2017,4
2017-04-15,7,15,4,2017,5
2017-04-16,5,16,4,2017,6
2017-04-17,5,17,4,2017,0
2017-04-18,5,18,4,2017,1
2017-04-19,8,19,4,2017,2
2017-04-20,21,20,4,2017,3
2017-04-21,16,21,4,2017,4
2017-04-22,31,22,4,2017,5
2017-04-23,15,23,4,2017,6
2017-04-24,38,24,4,2017,0
2017-04-25,26,25,4,2017,1
2017-04-26,27,26,4,2017,2
2017-04-27,33,27,4,2017,3
2017-04-28,27,28,4,2017,4
2017-04-29,20,29,4,2017,5
2017-04-30,19,30,4,2017,6
2017-05-01,28,1,5,2017,0
2017-05-02,14,2,5,2017,1
2017-05-03,15,3,5,2017,2
2017-05-04,19,4,5,2017,3
2017-05-05,23,5,5,2017,4
2017-05-06,16,6,5,2017,5
2017-05-07,23,7,5,2017,6
2017-05-08,24,8,5,2017,0
2017-05-09,25,9,5,2017,1
2017-05-10,25,10,5,2017,2
2017-05-11,18,11,5,2017,3
2017-05-12,25,12,5,2017,4
2017-05-13,20,13,5,2017,5
2017-05-14,16,14,5,2017,6
2017-05-15,30,15,5,2017,0
2017-05-16,18,16,5,2017,1
2017-05-17,26,17,5,2017,2
2017-05-18,20,18,5,2017,3
2017-05-19,18,19,5,2017,4
2017-05-20,15,20,5,2017,5
2017-05-21,16,21,5,2017,6
2017-05-22,18,22,5,2017,0
2017-05-23,24,23,5,2017,1
2017-05-24,27,24,5,2017,2
2017-05-25,20,25,5,2017,3
2017-05-26,14,26,5,2017,4
2017-05-27,18,27,5,2017,5
2017-05-28,14,28,5,2017,6
2017-05-29,15,29,5,2017,0
2017-05-30,21,30,5,2017,1
2017-05-31,9,31,5,2017,2
2017-06-01,21,1,6,2017,3
2017-06-02,18,2,6,2017,4
2017-06-03,27,3,6,2017,5
2017-06-04,20,4,6,2017,6
2017-06-05,36,5,6,2017,0
2017-06-06,24,6,6,2017,1
2017-06-07,23,7,6,2017,2
2017-06-08,25,8,6,2017,3
2017-06-09,13,9,6,2017,4
2017-06-10,24,10,6,2017,5
2017-06-11,25,11,6,2017,6
2017-06-12,15,12,6,2017,0
2017-06-13,22,13,6,2017,1
2017-06-14,21,14,6,2017,2
2017-06-15,17,15,6,2017,3
2017-06-16,17,16,6,2017,4
2017-06-17,17,17,6,2017,5
2017-06-18,15,18,6,2017,6
2017-06-19,21,19,6,2017,0
2017-06-20,23,20,6,2017,1
2017-06-21,18,21,6,2017,2
2017-06-22,19,22,6,2017,3
2017-06-23,21,23,6,2017,4
2017-06-24,32,24,6,2017,5
2017-06-25,12,25,6,2017,6
2017-06-26,24,26,6,2017,0
2017-06-27,15,27,6,2017,1
2017-06-28,18,28,6,2017,2
2017-06-29,18,29,6,2017,3
2017-06-30,16,30,6,2017,4
2017-07-01,11,1,7,2017,5
2017-07-02,18,2,7,2017,6
2017-07-03,21,3,7,2017,0
2017-07-04,26,4,7,2017,1
2017-07-05,27,5,7,2017,2
2017-07-06,21,6,7,2017,3
2017-07-07,25,7,7,2017,4
2017-07-08,19,8,7,2017,5
2017-07-09,12,9,7,2017,6
2017-07-10,31,10,7,2017,0
2017-07-11,28,11,7,2017,1
2017-07-12,29,12,7,2017,2
2017-07-13,17,13,7,2017,3
2017-07-14,19,14,7,2017,4
2017-07-15,12,15,7,2017,5
2017-07-16,10,16,7,2017,6
2017-07-17,30,17,7,2017,0
2017-07-18,26,18,7,2017,1
2017-07-19,17,19,7,2017,2
2017-07-20,20,20,7,2017,3
2017-07-21,16,21,7,2017,4
2017-07-22,17,22,7,2017,5
2017-07-23,11,23,7,2017,6
2017-07-24,27,24,7,2017,0
2017-07-25,16,25,7,2017,1
2017-07-26,26,26,7,2017,2
2017-07-27,20,27,7,2017,3
2017-07-28,18,28,7,2017,4
2017-07-29,11,29,7,2017,5
2017-07-30,18,30,7,2017,6
2017-07-31,19,31,7,2017,0
2017-08-01,25,1,8,2017,1
2017-08-02,20,2,8,2017,2
2017-08-03,18,3,8,2017,3
2017-08-04,25,4,8,2017,4
2017-08-05,20,5,8,2017,5
2017-08-06,21,6,8,2017,6
2017-08-07,18,7,8,2017,0
2017-08-08,23,8,8,2017,1
2017-08-09,5,9,8,2017,2
2017-08-10,4,10,8,2017,3
2017-08-11,11,11,8,2017,4
2017-08-12,12,12,8,2017,5
2017-08-13,11,13,8,2017,6
2017-08-14,13,14,8,2017,0
2017-08-15,9,15,8,2017,1
2017-08-16,14,16,8,2017,2
2017-08-17,18,17,8,2017,3
2017-08-18,6,18,8,2017,4
2017-08-19,5,19,8,2017,5
2017-08-20,9,20,8,2017,6
2017-08-21,27,21,8,2017,0
2017-08-22,22,22,8,2017,1
2017-08-23,24,23,8,2017,2
2017-08-24,32,24,8,2017,3
2017-08-25,22,25,8,2017,4
2017-08-26,18,26,8,2017,5
2017-08-27,15,27,8,2017,6
2017-08-28,21,28,8,2017,0
2017-08-29,18,29,8,2017,1
2017-08-30,26,30,8,2017,2
2017-08-31,24,31,8,2017,3
2017-09-01,18,1,9,2017,4
2017-09-02,18,2,9,2017,5
2017-09-03,7,3,9,2017,6
2017-09-04,23,4,9,2017,0
2017-09-05,21,5,9,2017,1
2017-09-06,24,6,9,2017,2
2017-09-07,13,7,9,2017,3
2017-09-08,18,8,9,2017,4
2017-09-09,20,9,9,2017,5
2017-09-10,15,10,9,2017,6
2017-09-11,34,11,9,2017,0
2017-09-12,32,12,9,2017,1
2017-09-13,24,13,9,2017,2
2017-09-14,24,14,9,2017,3
2017-09-15,27,15,9,2017,4
2017-09-16,20,16,9,2017,5
2017-09-17,11,17,9,2017,6
2017-09-18,26,18,9,2017,0
2017-09-19,23,19,9,2017,1
2017-09-20,15,20,9,2017,2
2017-09-21,18,21,9,2017,3
2017-09-22,20,22,9,2017,4
2017-09-23,12,23,9,2017,5
2017-09-24,10,24,9,2017,6
2017-09-25,30,25,9,2017,0
2017-09-26,19,26,9,2017,1
2017-09-27,20,27,9,2017,2
2017-09-28,16,28,9,2017,3
2017-09-29,12,29,9,2017,4
2017-09-30,12,30,9,2017,5
2017-10-01,15,1,10,2017,6
2017-10-02,23,2,10,2017,0
2017-10-03,19,3,10,2017,1
2017-10-04,31,4,10,2017,2
2017-10-05,21,5,10,2017,3
2017-10-06,19,6,10,2017,4
2017-10-07,27,7,10,2017,5
2017-10-08,18,8,10,2017,6
2017-10-09,19,9,10,2017,0
2017-10-10,22,10,10,2017,1
2017-10-11,18,11,10,2017,2
2017-10-12,23,12,10,2017,3
2017-10-13,16,13,10,2017,4
2017-10-14,18,14,10,2017,5
2017-10-15,14,15,10,2017,6
2017-10-16,19,16,10,2017,0
2017-10-17,12,17,10,2017,1
2017-10-18,8,18,10,2017,2
2017-10-19,6,19,10,2017,3
2017-10-20,15,20,10,2017,4
2017-10-21,8,21,10,2017,5
2017-10-22,8,22,10,2017,6
2017-10-23,13,23,10,2017,0
2017-10-24,18,24,10,2017,1
2017-10-25,17,25,10,2017,2
2017-10-26,20,26,10,2017,3
2017-10-27,17,27,10,2017,4
2017-10-28,20,28,10,2017,5
2017-10-29,14,29,10,2017,6
2017-10-30,30,30,10,2017,0
2017-10-31,31,31,10,2017,1
2017-11-01,22,1,11,2017,2
2017-11-02,27,2,11,2017,3
2017-11-03,18,3,11,2017,4
2017-11-04,20,4,11,2017,5
2017-11-05,15,5,11,2017,6
2017-11-06,29,6,11,2017,0
2017-11-07,20,7,11,2017,1
2017-11-08,22,8,11,2017,2
2017-11-09,19,9,11,2017,3
2017-11-10,31,10,11,2017,4
2017-11-11,24,11,11,2017,5
2017-11-12,20,12,11,2017,6
2017-11-13,36,13,11,2017,0
2017-11-14,19,14,11,2017,1
2017-11-15,29,15,11,2017,2
2017-11-16,23,16,11,2017,3
2017-11-17,27,17,11,2017,4
2017-11-18,24,18,11,2017,5
2017-11-19,14,19,11,2017,6
2017-11-20,32,20,11,2017,0
2017-11-21,22,21,11,2017,1
2017-11-22,23,22,11,2017,2
2017-11-23,26,23,11,2017,3
2017-11-24,27,24,11,2017,4
2017-11-25,21,25,11,2017,5
2017-11-26,12,26,11,2017,6
2017-11-27,20,27,11,2017,0
2017-11-28,30,28,11,2017,1
2017-11-29,26,29,11,2017,2
2017-11-30,29,30,11,2017,3
2017-12-01,18,1,12,2017,4
2017-12-02,25,2,12,2017,5
2017-12-03,24,3,12,2017,6
2017-12-04,19,4,12,2017,0
2017-12-05,30,5,12,2017,1
2017-12-06,14,6,12,2017,2
2017-12-07,22,7,12,2017,3
2017-12-08,20,8,12,2017,4
2017-12-09,14,9,12,2017,5
2017-12-10,20,10,12,2017,6
2017-12-11,18,11,12,2017,0
2017-12-12,22,12,12,2017,1
2017-12-13,16,13,12,2017,2
2017-12-14,15,14,12,2017,3
2017-12-15,15,15,12,2017,4
2017-12-16,14,16,12,2017,5
2017-12-17,17,17,12,2017,6
2017-12-18,24,18,12,2017,0
2017-12-19,16,19,12,2017,1
2017-12-20,21,20,12,2017,2
2017-12-21,20,21,12,2017,3
2017-12-22,21,22,12,2017,4
2017-12-23,14,23,12,2017,5
2017-12-24,10,24,12,2017,6
2017-12-25,14,25,12,2017,0
2017-12-26,21,26,12,2017,1
2017-12-27,8,27,12,2017,2
2017-12-28,11,28,12,2017,3
2017-12-29,9,29,12,2017,4
2017-12-30,12,30,12,2017,5
2017-12-31,6,31,12,2017,6
2018-01-01,50,1,1,2018,0
2018-01-02,39,2,1,2018,1
2018-01-03,18,3,1,2018,2
2018-01-04,16,4,1,2018,3
2018-01-05,26,5,1,2018,4
2018-01-06,41,6,1,2018,5
2018-01-07,22,7,1,2018,6
2018-01-08,20,8,1,2018,0
2018-01-09,15,9,1,2018,1
2018-01-10,23,10,1,2018,2
2018-01-11,19,11,1,2018,3
2018-01-12,30,12,1,2018,4
2018-01-13,4,13,1,2018,5
2018-01-14,4,14,1,2018,6
2018-01-15,4,15,1,2018,0
2018-01-16,8,16,1,2018,1
2018-01-17,7,17,1,2018,2
2018-01-19,3,19,1,2018,4
2018-01-20,7,20,1,2018,5
2018-01-21,5,21,1,2018,6
2018-01-22,1,22,1,2018,0
2018-01-23,3,23,1,2018,1
2018-01-24,4,24,1,2018,2
2018-01-25,1,25,1,2018,3
2018-01-26,1,26,1,2018,4
2018-01-27,3,27,1,2018,5
2018-01-28,5,28,1,2018,6
2018-01-29,4,29,1,2018,0
2018-01-30,5,30,1,2018,1
2018-01-31,2,31,1,2018,2
2018-02-01,35,1,2,2018,3
2018-02-02,19,2,2,2018,4
2018-02-03,13,3,2,2018,5
2018-02-04,18,4,2,2018,6
2018-02-05,19,5,2,2018,0
2018-02-06,30,6,2,2018,1
2018-02-07,23,7,2,2018,2
2018-02-08,16,8,2,2018,3
2018-02-09,12,9,2,2018,4
2018-02-10,30,10,2,2018,5
2018-02-11,27,11,2,2018,6
2018-02-12,22,12,2,2018,0
2018-02-13,4,13,2,2018,1
2018-02-14,5,14,2,2018,2
2018-02-15,2,15,2,2018,3
2018-02-16,1,16,2,2018,4
2018-02-17,1,17,2,2018,5
2018-02-18,5,18,2,2018,6
2018-02-19,2,19,2,2018,0
2018-02-20,3,20,2,2018,1
2018-02-21,3,21,2,2018,2
2018-02-22,4,22,2,2018,3
2018-02-23,3,23,2,2018,4
2018-02-24,3,24,2,2018,5
2018-02-25,2,25,2,2018,6
2018-02-26,6,26,2,2018,0
2018-02-27,3,27,2,2018,1
2018-02-28,2,28,2,2018,2
2018-03-01,35,1,3,2018,3
2018-03-02,22,2,3,2018,4
2018-03-03,22,3,3,2018,5
2018-03-04,19,4,3,2018,6
2018-03-05,20,5,3,2018,0
2018-03-06,17,6,3,2018,1
2018-03-07,29,7,3,2018,2
2018-03-08,33,8,3,2018,3
2018-03-09,38,9,3,2018,4
2018-03-10,36,10,3,2018,5
2018-03-11,31,11,3,2018,6
2018-03-12,39,12,3,2018,0
2018-03-13,10,13,3,2018,1
2018-03-14,8,14,3,2018,2
2018-03-15,8,15,3,2018,3
2018-03-16,10,16,3,2018,4
2018-03-17,6,17,3,2018,5
2018-03-18,3,18,3,2018,6
2018-03-19,5,19,3,2018,0
2018-03-20,8,20,3,2018,1
2018-03-21,5,21,3,2018,2
2018-03-22,4,22,3,2018,3
2018-03-23,4,23,3,2018,4
2018-03-24,8,24,3,2018,5
2018-03-25,7,25,3,2018,6
2018-03-26,13,26,3,2018,0
2018-03-27,4,27,3,2018,1
2018-03-28,2,28,3,2018,2
2018-03-29,4,29,3,2018,3
2018-03-30,4,30,3,2018,4
2018-03-31,2,31,3,2018,5
2018-04-01,36,1,4,2018,6
2018-04-02,7,2,4,2018,0
2018-04-03,12,3,4,2018,1
2018-04-04,23,4,4,2018,2
2018-04-05,16,5,4,2018,3
2018-04-06,37,6,4,2018,4
2018-04-07,19,7,4,2018,5
2018-04-08,13,8,4,2018,6
2018-04-09,23,9,4,2018,0
2018-04-10,17,10,4,2018,1
2018-04-11,11,11,4,2018,2
2018-04-12,23,12,4,2018,3
2018-04-13,1,13,4,2018,4
2018-04-14,2,14,4,2018,5
2018-04-15,2,15,4,2018,6
2018-04-16,4,16,4,2018,0
2018-04-17,6,17,4,2018,1
2018-04-18,4,18,4,2018,2
2018-04-19,5,19,4,2018,3
2018-04-20,8,20,4,2018,4
2018-04-21,3,21,4,2018,5
2018-04-22,3,22,4,2018,6
2018-04-23,6,23,4,2018,0
2018-04-24,5,24,4,2018,1
2018-04-25,3,25,4,2018,2
2018-04-26,7,26,4,2018,3
2018-04-27,6,27,4,2018,4
2018-04-28,5,28,4,2018,5
2018-04-30,2,30,4,2018,0
2018-05-01,40,1,5,2018,1
2018-05-02,19,2,5,2018,2
2018-05-03,16,3,5,2018,3
2018-05-04,25,4,5,2018,4
2018-05-05,22,5,5,2018,5
2018-05-06,26,6,5,2018,6
2018-05-07,27,7,5,2018,0
2018-05-08,15,8,5,2018,1
2018-05-09,18,9,5,2018,2
2018-05-10,17,10,5,2018,3
2018-05-11,28,11,5,2018,4
2018-05-12,39,12,5,2018,5
2018-05-13,5,13,5,2018,6
2018-05-14,3,14,5,2018,0
2018-05-15,1,15,5,2018,1
2018-05-16,3,16,5,2018,2
2018-05-17,1,17,5,2018,3
2018-05-18,1,18,5,2018,4
2018-05-19,4,19,5,2018,5
2018-05-20,1,20,5,2018,6
2018-05-21,2,21,5,2018,0
2018-05-22,8,22,5,2018,1
2018-05-23,2,23,5,2018,2
2018-05-24,5,24,5,2018,3
2018-05-25,2,25,5,2018,4
2018-05-26,2,26,5,2018,5
2018-05-27,1,27,5,2018,6
2018-05-28,2,28,5,2018,0
2018-05-29,1,29,5,2018,1
2018-06-01,24,1,6,2018,4
2018-06-02,8,2,6,2018,5
2018-06-03,5,3,6,2018,6
2018-06-04,18,4,6,2018,0
2018-06-05,10,5,6,2018,1
2018-06-06,17,6,6,2018,2
2018-06-07,24,7,6,2018,3
2018-06-08,23,8,6,2018,4
2018-06-09,17,9,6,2018,5
2018-06-10,19,10,6,2018,6
2018-06-11,16,11,6,2018,0
2018-06-12,28,12,6,2018,1
2018-06-13,2,13,6,2018,2
2018-06-14,1,14,6,2018,3
2018-06-15,1,15,6,2018,4
2018-06-16,3,16,6,2018,5
2018-06-17,1,17,6,2018,6
2018-06-19,1,19,6,2018,1
2018-06-20,3,20,6,2018,2
2018-06-21,1,21,6,2018,3
2018-06-25,3,25,6,2018,0
2018-06-26,3,26,6,2018,1
2018-06-27,3,27,6,2018,2
2018-06-30,3,30,6,2018,5
2018-07-01,25,1,7,2018,6
2018-07-02,24,2,7,2018,0
2018-07-03,10,3,7,2018,1
2018-07-04,32,4,7,2018,2
2018-07-05,29,5,7,2018,3
2018-07-06,27,6,7,2018,4
2018-07-07,19,7,7,2018,5
2018-07-08,28,8,7,2018,6
2018-07-09,23,9,7,2018,0
2018-07-10,19,10,7,2018,1
2018-07-11,19,11,7,2018,2
2018-07-12,30,12,7,2018,3
2018-07-13,5,13,7,2018,4
2018-07-14,2,14,7,2018,5
2018-07-15,4,15,7,2018,6
2018-07-16,10,16,7,2018,0
2018-07-17,9,17,7,2018,1
2018-07-18,1,18,7,2018,2
2018-07-19,3,19,7,2018,3
2018-07-20,4,20,7,2018,4
2018-07-21,2,21,7,2018,5
2018-07-22,1,22,7,2018,6
2018-07-23,1,23,7,2018,0
2018-07-24,4,24,7,2018,1
2018-07-26,1,26,7,2018,3
2018-07-28,1,28,7,2018,5
2018-07-29,1,29,7,2018,6
2018-07-30,1,30,7,2018,0
2018-08-01,25,1,8,2018,2
2018-08-02,21,2,8,2018,3
2018-08-03,8,3,8,2018,4
2018-08-04,13,4,8,2018,5
2018-08-05,25,5,8,2018,6
2018-08-06,19,6,8,2018,0
2018-08-07,4,7,8,2018,1
2018-08-08,10,8,8,2018,2
2018-08-09,23,9,8,2018,3
2018-08-10,25,10,8,2018,4
2018-08-11,17,11,8,2018,5
2018-08-12,22,12,8,2018,6
2018-08-13,3,13,8,2018,0
2018-08-14,4,14,8,2018,1
2018-08-15,1,15,8,2018,2
2018-08-17,2,17,8,2018,4
2018-08-19,1,19,8,2018,6
2018-08-20,4,20,8,2018,0
2018-08-21,2,21,8,2018,1
2018-08-22,3,22,8,2018,2
2018-08-23,2,23,8,2018,3
2018-08-24,2,24,8,2018,4
2018-08-25,3,25,8,2018,5
2018-08-26,1,26,8,2018,6
2018-08-27,3,27,8,2018,0
2018-08-28,1,28,8,2018,1
2018-08-29,3,29,8,2018,2
2018-08-30,1,30,8,2018,3
2018-09-01,42,1,9,2018,5
2018-09-02,26,2,9,2018,6
2018-09-03,6,3,9,2018,0
2018-09-04,24,4,9,2018,1
2018-09-05,16,5,9,2018,2
2018-09-06,14,6,9,2018,3
2018-09-07,21,7,9,2018,4
2018-09-08,16,8,9,2018,5
2018-09-09,16,9,9,2018,6
2018-09-10,23,10,9,2018,0
2018-09-11,20,11,9,2018,1
2018-09-12,18,12,9,2018,2
2018-09-14,4,14,9,2018,4
2018-09-15,2,15,9,2018,5
2018-09-16,1,16,9,2018,6
2018-09-17,3,17,9,2018,0
2018-09-18,4,18,9,2018,1
2018-09-20,2,20,9,2018,3
2018-09-21,1,21,9,2018,4
2018-09-23,1,23,9,2018,6
2018-09-25,4,25,9,2018,1
2018-09-26,2,26,9,2018,2
2018-09-28,2,28,9,2018,4
2018-09-29,3,29,9,2018,5
2018-09-30,4,30,9,2018,6
2018-10-01,27,1,10,2018,0
2018-10-02,15,2,10,2018,1
2018-10-03,12,3,10,2018,2
2018-10-04,25,4,10,2018,3
2018-10-05,13,5,10,2018,4
2018-10-06,9,6,10,2018,5
2018-10-07,23,7,10,2018,6
2018-10-08,23,8,10,2018,0
2018-10-09,26,9,10,2018,1
2018-10-10,22,10,10,2018,2
2018-10-11,18,11,10,2018,3
2018-10-12,31,12,10,2018,4
2018-10-13,3,13,10,2018,5
2018-10-14,1,14,10,2018,6
2018-10-15,2,15,10,2018,0
2018-10-16,1,16,10,2018,1
2018-10-17,2,17,10,2018,2
2018-10-18,1,18,10,2018,3
2018-10-19,2,19,10,2018,4
2018-10-20,3,20,10,2018,5
2018-10-21,2,21,10,2018,6
2018-10-22,4,22,10,2018,0
2018-10-24,1,24,10,2018,2
2018-10-25,2,25,10,2018,3
2018-10-26,2,26,10,2018,4
2018-10-27,2,27,10,2018,5
2018-10-28,1,28,10,2018,6
2018-10-29,2,29,10,2018,0
2018-10-30,3,30,10,2018,1
2018-10-31,1,31,10,2018,2
2018-11-01,17,1,11,2018,3
2018-11-02,26,2,11,2018,4
2018-11-03,10,3,11,2018,5
2018-11-04,28,4,11,2018,6
2018-11-05,13,5,11,2018,0
2018-11-06,26,6,11,2018,1
2018-11-07,13,7,11,2018,2
2018-11-08,20,8,11,2018,3
2018-11-09,28,9,11,2018,4
2018-11-10,28,10,11,2018,5
2018-11-11,17,11,11,2018,6
2018-11-12,29,12,11,2018,0
2018-11-13,3,13,11,2018,1
2018-11-14,1,14,11,2018,2
2018-11-15,1,15,11,2018,3
2018-11-16,4,16,11,2018,4
2018-11-17,1,17,11,2018,5
2018-11-18,3,18,11,2018,6
2018-11-19,2,19,11,2018,0
2018-11-20,3,20,11,2018,1
2018-11-23,1,23,11,2018,4
2018-11-24,2,24,11,2018,5
2018-11-25,1,25,11,2018,6
2018-11-26,4,26,11,2018,0
2018-11-27,2,27,11,2018,1
2018-11-29,4,29,11,2018,3
2018-11-30,4,30,11,2018,4
2018-12-01,38,1,12,2018,5
2018-12-02,21,2,12,2018,6
2018-12-03,14,3,12,2018,0
2018-12-04,22,4,12,2018,1
2018-12-05,20,5,12,2018,2
2018-12-06,21,6,12,2018,3
2018-12-07,15,7,12,2018,4
2018-12-08,21,8,12,2018,5
2018-12-09,19,9,12,2018,6
2018-12-10,21,10,12,2018,0
2018-12-11,30,11,12,2018,1
2018-12-12,23,12,12,2018,2
2018-12-14,1,14,12,2018,4
2018-12-16,1,16,12,2018,6
2018-12-17,1,17,12,2018,0
2018-12-18,2,18,12,2018,1
2018-12-19,1,19,12,2018,2
2018-12-20,2,20,12,2018,3
2018-12-21,1,21,12,2018,4
2018-12-23,3,23,12,2018,6
2018-12-25,3,25,12,2018,1
2018-12-26,1,26,12,2018,2
2018-12-28,1,28,12,2018,4
2018-12-30,2,30,12,2018,6
2018-12-31,4,31,12,2018,0
2019-01-01,23,1,1,2019,1
2019-01-02,22,2,1,2019,2
2019-01-03,25,3,1,2019,3
2019-01-04,3,4,1,2019,4
2019-01-05,4,5,1,2019,5
2019-01-06,4,6,1,2019,6
2019-01-08,5,8,1,2019,1
2019-01-09,4,9,1,2019,2
2019-01-10,2,10,1,2019,3
2019-01-11,1,11,1,2019,4
2019-01-12,1,12,1,2019,5
2019-01-13,1,13,1,2019,6
2019-01-14,1,14,1,2019,0
2019-01-15,1,15,1,2019,1
2019-01-16,4,16,1,2019,2
2019-01-17,3,17,1,2019,3
2019-01-18,2,18,1,2019,4
2019-01-19,4,19,1,2019,5
2019-01-20,1,20,1,2019,6
2019-01-22,3,22,1,2019,1
2019-01-24,3,24,1,2019,3
2019-01-25,4,25,1,2019,4
2019-01-27,3,27,1,2019,6
2019-01-28,3,28,1,2019,0
2019-01-29,7,29,1,2019,1
2019-01-30,4,30,1,2019,2
2019-01-31,5,31,1,2019,3
2019-02-01,33,1,2,2019,4
2019-02-02,26,2,2,2019,5
2019-02-03,29,3,2,2019,6
2019-02-04,2,4,2,2019,0
2019-02-05,2,5,2,2019,1
2019-02-06,1,6,2,2019,2
2019-02-07,3,7,2,2019,3
2019-02-08,2,8,2,2019,4
2019-02-09,3,9,2,2019,5
2019-02-10,4,10,2,2019,6
2019-02-11,1,11,2,2019,0
2019-02-12,1,12,2,2019,1
2019-02-13,4,13,2,2019,2
2019-02-14,2,14,2,2019,3
2019-02-15,1,15,2,2019,4
2019-02-16,1,16,2,2019,5
2019-02-17,2,17,2,2019,6
2019-02-18,1,18,2,2019,0
2019-02-19,2,19,2,2019,1
2019-02-20,1,20,2,2019,2
2019-02-21,1,21,2,2019,3
2019-02-22,4,22,2,2019,4
2019-02-23,1,23,2,2019,5
2019-02-25,3,25,2,2019,0
2019-02-26,1,26,2,2019,1
2019-02-27,1,27,2,2019,2
2019-02-28,1,28,2,2019,3
2019-03-01,34,1,3,2019,4
2019-03-02,10,2,3,2019,5
2019-03-03,22,3,3,2019,6
2019-03-04,3,4,3,2019,0
2019-03-05,3,5,3,2019,1
2019-03-06,2,6,3,2019,2
2019-03-07,2,7,3,2019,3
2019-03-09,1,9,3,2019,5
2019-03-11,1,11,3,2019,0
2019-03-12,1,12,3,2019,1
2019-03-13,1,13,3,2019,2
2019-03-14,4,14,3,2019,3
2019-03-15,1,15,3,2019,4
2019-03-16,1,16,3,2019,5
2019-03-18,1,18,3,2019,0
2019-03-19,1,19,3,2019,1
2019-03-20,1,20,3,2019,2
2019-03-21,4,21,3,2019,3
2019-03-22,1,22,3,2019,4
2019-03-23,1,23,3,2019,5
2019-03-24,3,24,3,2019,6
2019-03-26,1,26,3,2019,1
2019-03-28,1,28,3,2019,3
2019-03-29,1,29,3,2019,4
2019-03-30,2,30,3,2019,5
2019-03-31,1,31,3,2019,6
2019-04-01,25,1,4,2019,0
2019-04-02,43,2,4,2019,1
2019-04-03,26,3,4,2019,2
2019-05-01,28,1,5,2019,2
2019-05-02,37,2,5,2019,3
2019-05-03,30,3,5,2019,4
2019-06-01,21,1,6,2019,5
2019-06-02,31,2,6,2019,6
2019-06-03,20,3,6,2019,0
2019-07-01,27,1,7,2019,0
2019-07-02,27,2,7,2019,1
2019-07-03,25,3,7,2019,2
2019-08-01,30,1,8,2019,3
2019-08-02,24,2,8,2019,4
2019-08-03,18,3,8,2019,5
2019-09-01,24,1,9,2019,6
2019-09-02,18,2,9,2019,0
2019-09-03,16,3,9,2019,1
2019-10-01,25,1,10,2019,1
2019-10-02,10,2,10,2019,2
2019-10-03,17,3,10,2019,3
2019-11-01,14,1,11,2019,4
2019-11-02,32,2,11,2019,5
2019-11-03,25,3,11,2019,6
2019-12-01,6,1,12,2019,6
2019-12-02,19,2,12,2019,0
2019-12-03,32,3,12,2019,1
