date,admissions,day,month,year,day_of_week,lag_1,lag_7,rolling_mean_7,month_sin,month_cos,dow_sin,dow_cos
2017-02-12,9,12,2,2017,6,2.0,1.0,3.5714285714285716,0.8660254037844386,0.5000000000000001,-0.7818314824680299,0.6234898018587334
2017-03-10,8,10,3,2017,4,9.0,2.0,4.714285714285714,1.0,6.123233995736766e-17,-0.433883739117558,-0.9009688679024191
2017-03-11,8,11,3,2017,5,8.0,2.0,5.571428571428571,1.0,6.123233995736766e-17,-0.9749279121818236,-0.2225209339563146
2017-03-12,7,12,3,2017,6,8.0,11.0,6.428571428571429,1.0,6.123233995736766e-17,-0.7818314824680299,0.6234898018587334
2017-04-01,29,1,4,2017,5,7.0,2.0,5.857142857142857,0.8660254037844387,-0.4999999999999998,-0.9749279121818236,-0.2225209339563146
2017-04-02,13,2,4,2017,6,29.0,5.0,9.714285714285714,0.8660254037844387,-0.4999999999999998,-0.7818314824680299,0.6234898018587334
2017-04-03,26,3,4,2017,0,13.0,2.0,10.857142857142858,0.8660254037844387,-0.4999999999999998,0.0,1.0
2017-04-04,20,4,4,2017,1,26.0,9.0,14.285714285714286,0.8660254037844387,-0.4999999999999998,0.7818314824680298,0.6234898018587336
2017-04-05,7,5,4,2017,2,20.0,8.0,15.857142857142858,0.8660254037844387,-0.4999999999999998,0.9749279121818236,-0.22252093395631434
2017-04-06,11,6,4,2017,3,7.0,8.0,15.714285714285714,0.8660254037844387,-0.4999999999999998,0.43388373911755823,-0.900968867902419
2017-04-07,6,7,4,2017,4,11.0,7.0,16.142857142857142,0.8660254037844387,-0.4999999999999998,-0.433883739117558,-0.9009688679024191
2017-04-08,11,8,4,2017,5,6.0,29.0,16.0,0.8660254037844387,-0.4999999999999998,-0.9749279121818236,-0.2225209339563146
2017-04-09,8,9,4,2017,6,11.0,13.0,13.428571428571429,0.8660254037844387,-0.4999999999999998,-0.7818314824680299,0.6234898018587334
2017-04-10,9,10,4,2017,0,8.0,26.0,12.714285714285714,0.8660254037844387,-0.4999999999999998,0.0,1.0
2017-04-11,16,11,4,2017,1,9.0,20.0,10.285714285714286,0.8660254037844387,-0.4999999999999998,0.7818314824680298,0.6234898018587336
2017-04-12,20,12,4,2017,2,16.0,7.0,9.714285714285714,0.8660254037844387,-0.4999999999999998,0.9749279121818236,-0.22252093395631434
2017-04-13,11,13,4,2017,3,20.0,11.0,11.571428571428571,0.8660254037844387,-0.4999999999999998,0.43388373911755823,-0.900968867902419
2017-04-14,8,14,4,2017,4,11.0,6.0,11.571428571428571,0.8660254037844387,-0.4999999999999998,-0.433883739117558,-0.9009688679024191
2017-04-15,7,15,4,2017,5,8.0,11.0,11.857142857142858,0.8660254037844387,-0.4999999999999998,-0.9749279121818236,-0.2225209339563146
2017-04-16,5,16,4,2017,6,7.0,8.0,11.285714285714286,0.8660254037844387,-0.4999999999999998,-0.7818314824680299,0.6234898018587334
2017-04-17,5,17,4,2017,0,5.0,9.0,10.857142857142858,0.8660254037844387,-0.4999999999999998,0.0,1.0
2017-04-18,5,18,4,2017,1,5.0,16.0,10.285714285714286,0.8660254037844387,-0.4999999999999998,0.7818314824680298,0.6234898018587336
2017-04-19,8,19,4,2017,2,5.0,20.0,8.714285714285714,0.8660254037844387,-0.4999999999999998,0.9749279121818236,-0.22252093395631434
2017-04-20,21,20,4,2017,3,8.0,11.0,7.0,0.8660254037844387,-0.4999999999999998,0.43388373911755823,-0.900968867902419
2017-04-21,16,21,4,2017,4,21.0,8.0,8.428571428571429,0.8660254037844387,-0.4999999999999998,-0.433883739117558,-0.9009688679024191
2017-04-22,31,22,4,2017,5,16.0,7.0,9.571428571428571,0.8660254037844387,-0.4999999999999998,-0.9749279121818236,-0.2225209339563146
2017-04-23,15,23,4,2017,6,31.0,5.0,13.0,0.8660254037844387,-0.4999999999999998,-0.7818314824680299,0.6234898018587334
2017-04-24,38,24,4,2017,0,15.0,5.0,14.428571428571429,0.8660254037844387,-0.4999999999999998,0.0,1.0
2017-04-25,26,25,4,2017,1,38.0,5.0,19.142857142857142,0.8660254037844387,-0.4999999999999998,0.7818314824680298,0.6234898018587336
2017-04-26,27,26,4,2017,2,26.0,8.0,22.142857142857142,0.8660254037844387,-0.4999999999999998,0.9749279121818236,-0.22252093395631434
2017-04-27,33,27,4,2017,3,27.0,21.0,24.857142857142858,0.8660254037844387,-0.4999999999999998,0.43388373911755823,-0.900968867902419
2017-04-28,27,28,4,2017,4,33.0,16.0,26.571428571428573,0.8660254037844387,-0.4999999999999998,-0.433883739117558,-0.9009688679024191
2017-04-29,20,29,4,2017,5,27.0,31.0,28.142857142857142,0.8660254037844387,-0.4999999999999998,-0.9749279121818236,-0.2225209339563146
2017-04-30,19,30,4,2017,6,20.0,15.0,26.571428571428573,0.8660254037844387,-0.4999999999999998,-0.7818314824680299,0.6234898018587334
2017-05-01,28,1,5,2017,0,19.0,38.0,27.142857142857142,0.49999999999999994,-0.8660254037844387,0.0,1.0
2017-05-02,14,2,5,2017,1,28.0,26.0,25.714285714285715,0.49999999999999994,-0.8660254037844387,0.7818314824680298,0.6234898018587336
2017-05-03,15,3,5,2017,2,14.0,27.0,24.0,0.49999999999999994,-0.8660254037844387,0.9749279121818236,-0.22252093395631434
2017-05-04,19,4,5,2017,3,15.0,33.0,22.285714285714285,0.49999999999999994,-0.8660254037844387,0.43388373911755823,-0.900968867902419
2017-05-05,23,5,5,2017,4,19.0,27.0,20.285714285714285,0.49999999999999994,-0.8660254037844387,-0.433883739117558,-0.9009688679024191
2017-05-06,16,6,5,2017,5,23.0,20.0,19.714285714285715,0.49999999999999994,-0.8660254037844387,-0.9749279121818236,-0.2225209339563146
2017-05-07,23,7,5,2017,6,16.0,19.0,19.142857142857142,0.49999999999999994,-0.8660254037844387,-0.7818314824680299,0.6234898018587334
2017-05-08,24,8,5,2017,0,23.0,28.0,19.714285714285715,0.49999999999999994,-0.8660254037844387,0.0,1.0
2017-05-09,25,9,5,2017,1,24.0,14.0,19.142857142857142,0.49999999999999994,-0.8660254037844387,0.7818314824680298,0.6234898018587336
2017-05-10,25,10,5,2017,2,25.0,15.0,20.714285714285715,0.49999999999999994,-0.8660254037844387,0.9749279121818236,-0.22252093395631434
2017-05-11,18,11,5,2017,3,25.0,19.0,22.142857142857142,0.49999999999999994,-0.8660254037844387,0.43388373911755823,-0.900968867902419
2017-05-12,25,12,5,2017,4,18.0,23.0,22.0,0.49999999999999994,-0.8660254037844387,-0.433883739117558,-0.9009688679024191
2017-05-13,20,13,5,2017,5,25.0,16.0,22.285714285714285,0.49999999999999994,-0.8660254037844387,-0.9749279121818236,-0.2225209339563146
2017-05-14,16,14,5,2017,6,20.0,23.0,22.857142857142858,0.49999999999999994,-0.8660254037844387,-0.7818314824680299,0.6234898018587334
2017-05-15,30,15,5,2017,0,16.0,24.0,21.857142857142858,0.49999999999999994,-0.8660254037844387,0.0,1.0
2017-05-16,18,16,5,2017,1,30.0,25.0,22.714285714285715,0.49999999999999994,-0.8660254037844387,0.7818314824680298,0.6234898018587336
2017-05-17,26,17,5,2017,2,18.0,25.0,21.714285714285715,0.49999999999999994,-0.8660254037844387,0.9749279121818236,-0.22252093395631434
2017-05-18,20,18,5,2017,3,26.0,18.0,21.857142857142858,0.49999999999999994,-0.8660254037844387,0.43388373911755823,-0.900968867902419
2017-05-19,18,19,5,2017,4,20.0,25.0,22.142857142857142,0.49999999999999994,-0.8660254037844387,-0.433883739117558,-0.9009688679024191
2017-05-20,15,20,5,2017,5,18.0,20.0,21.142857142857142,0.49999999999999994,-0.8660254037844387,-0.9749279121818236,-0.2225209339563146
2017-05-21,16,21,5,2017,6,15.0,16.0,20.428571428571427,0.49999999999999994,-0.8660254037844387,-0.7818314824680299,0.6234898018587334
2017-05-22,18,22,5,2017,0,16.0,30.0,20.428571428571427,0.49999999999999994,-0.8660254037844387,0.0,1.0
2017-05-23,24,23,5,2017,1,18.0,18.0,18.714285714285715,0.49999999999999994,-0.8660254037844387,0.7818314824680298,0.6234898018587336
2017-05-24,27,24,5,2017,2,24.0,26.0,19.571428571428573,0.49999999999999994,-0.8660254037844387,0.9749279121818236,-0.22252093395631434
2017-05-25,20,25,5,2017,3,27.0,20.0,19.714285714285715,0.49999999999999994,-0.8660254037844387,0.43388373911755823,-0.900968867902419
2017-05-26,14,26,5,2017,4,20.0,18.0,19.714285714285715,0.49999999999999994,-0.8660254037844387,-0.433883739117558,-0.9009688679024191
2017-05-27,18,27,5,2017,5,14.0,15.0,19.142857142857142,0.49999999999999994,-0.8660254037844387,-0.9749279121818236,-0.2225209339563146
2017-05-28,14,28,5,2017,6,18.0,16.0,19.571428571428573,0.49999999999999994,-0.8660254037844387,-0.7818314824680299,0.6234898018587334
2017-05-29,15,29,5,2017,0,14.0,18.0,19.285714285714285,0.49999999999999994,-0.8660254037844387,0.0,1.0
2017-05-30,21,30,5,2017,1,15.0,24.0,18.857142857142858,0.49999999999999994,-0.8660254037844387,0.7818314824680298,0.6234898018587336
2017-05-31,9,31,5,2017,2,21.0,27.0,18.428571428571427,0.49999999999999994,-0.8660254037844387,0.9749279121818236,-0.22252093395631434
2017-06-01,21,1,6,2017,3,9.0,20.0,15.857142857142858,1.2246467991473532e-16,-1.0,0.43388373911755823,-0.900968867902419
2017-06-02,18,2,6,2017,4,21.0,14.0,16.0,1.2246467991473532e-16,-1.0,-0.433883739117558,-0.9009688679024191
2017-06-03,27,3,6,2017,5,18.0,18.0,16.571428571428573,1.2246467991473532e-16,-1.0,-0.9749279121818236,-0.2225209339563146
2017-06-04,20,4,6,2017,6,27.0,14.0,17.857142857142858,1.2246467991473532e-16,-1.0,-0.7818314824680299,0.6234898018587334
2017-06-05,36,5,6,2017,0,20.0,15.0,18.714285714285715,1.2246467991473532e-16,-1.0,0.0,1.0
2017-06-06,24,6,6,2017,1,36.0,21.0,21.714285714285715,1.2246467991473532e-16,-1.0,0.7818314824680298,0.6234898018587336
2017-06-07,23,7,6,2017,2,24.0,9.0,22.142857142857142,1.2246467991473532e-16,-1.0,0.9749279121818236,-0.22252093395631434
2017-06-08,25,8,6,2017,3,23.0,21.0,24.142857142857142,1.2246467991473532e-16,-1.0,0.43388373911755823,-0.900968867902419
2017-06-09,13,9,6,2017,4,25.0,18.0,24.714285714285715,1.2246467991473532e-16,-1.0,-0.433883739117558,-0.9009688679024191
2017-06-10,24,10,6,2017,5,13.0,27.0,24.0,1.2246467991473532e-16,-1.0,-0.9749279121818236,-0.2225209339563146
2017-06-11,25,11,6,2017,6,24.0,20.0,23.571428571428573,1.2246467991473532e-16,-1.0,-0.7818314824680299,0.6234898018587334
2017-06-12,15,12,6,2017,0,25.0,36.0,24.285714285714285,1.2246467991473532e-16,-1.0,0.0,1.0
2017-06-13,22,13,6,2017,1,15.0,24.0,21.285714285714285,1.2246467991473532e-16,-1.0,0.7818314824680298,0.6234898018587336
2017-06-14,21,14,6,2017,2,22.0,23.0,21.0,1.2246467991473532e-16,-1.0,0.9749279121818236,-0.22252093395631434
2017-06-15,17,15,6,2017,3,21.0,25.0,20.714285714285715,1.2246467991473532e-16,-1.0,0.43388373911755823,-0.900968867902419
2017-06-16,17,16,6,2017,4,17.0,13.0,19.571428571428573,1.2246467991473532e-16,-1.0,-0.433883739117558,-0.9009688679024191
2017-06-17,17,17,6,2017,5,17.0,24.0,20.142857142857142,1.2246467991473532e-16,-1.0,-0.9749279121818236,-0.2225209339563146
2017-06-18,15,18,6,2017,6,17.0,25.0,19.142857142857142,1.2246467991473532e-16,-1.0,-0.7818314824680299,0.6234898018587334
2017-06-19,21,19,6,2017,0,15.0,15.0,17.714285714285715,1.2246467991473532e-16,-1.0,0.0,1.0
2017-06-20,23,20,6,2017,1,21.0,22.0,18.571428571428573,1.2246467991473532e-16,-1.0,0.7818314824680298,0.6234898018587336
2017-06-21,18,21,6,2017,2,23.0,21.0,18.714285714285715,1.2246467991473532e-16,-1.0,0.9749279121818236,-0.22252093395631434
2017-06-22,19,22,6,2017,3,18.0,17.0,18.285714285714285,1.2246467991473532e-16,-1.0,0.43388373911755823,-0.900968867902419
2017-06-23,21,23,6,2017,4,19.0,17.0,18.571428571428573,1.2246467991473532e-16,-1.0,-0.433883739117558,-0.9009688679024191
2017-06-24,32,24,6,2017,5,21.0,17.0,19.142857142857142,1.2246467991473532e-16,-1.0,-0.9749279121818236,-0.2225209339563146
2017-06-25,12,25,6,2017,6,32.0,15.0,21.285714285714285,1.2246467991473532e-16,-1.0,-0.7818314824680299,0.6234898018587334
2017-06-26,24,26,6,2017,0,12.0,21.0,20.857142857142858,1.2246467991473532e-16,-1.0,0.0,1.0
2017-06-27,15,27,6,2017,1,24.0,23.0,21.285714285714285,1.2246467991473532e-16,-1.0,0.7818314824680298,0.6234898018587336
2017-06-28,18,28,6,2017,2,15.0,18.0,20.142857142857142,1.2246467991473532e-16,-1.0,0.9749279121818236,-0.22252093395631434
2017-06-29,18,29,6,2017,3,18.0,19.0,20.142857142857142,1.2246467991473532e-16,-1.0,0.43388373911755823,-0.900968867902419
2017-06-30,16,30,6,2017,4,18.0,21.0,20.0,1.2246467991473532e-16,-1.0,-0.433883739117558,-0.9009688679024191
2017-07-01,11,1,7,2017,5,16.0,32.0,19.285714285714285,-0.4999999999999997,-0.8660254037844388,-0.9749279121818236,-0.2225209339563146
2017-07-02,18,2,7,2017,6,11.0,12.0,16.285714285714285,-0.4999999999999997,-0.8660254037844388,-0.7818314824680299,0.6234898018587334
2017-07-03,21,3,7,2017,0,18.0,24.0,17.142857142857142,-0.4999999999999997,-0.8660254037844388,0.0,1.0
2017-07-04,26,4,7,2017,1,21.0,15.0,16.714285714285715,-0.4999999999999997,-0.8660254037844388,0.7818314824680298,0.6234898018587336
2017-07-05,27,5,7,2017,2,26.0,18.0,18.285714285714285,-0.4999999999999997,-0.8660254037844388,0.9749279121818236,-0.22252093395631434
2017-07-06,21,6,7,2017,3,27.0,18.0,19.571428571428573,-0.4999999999999997,-0.8660254037844388,0.43388373911755823,-0.900968867902419
2017-07-07,25,7,7,2017,4,21.0,16.0,20.0,-0.4999999999999997,-0.8660254037844388,-0.433883739117558,-0.9009688679024191
2017-07-08,19,8,7,2017,5,25.0,11.0,21.285714285714285,-0.4999999999999997,-0.8660254037844388,-0.9749279121818236,-0.2225209339563146
2017-07-09,12,9,7,2017,6,19.0,18.0,22.428571428571427,-0.4999999999999997,-0.8660254037844388,-0.7818314824680299,0.6234898018587334
2017-07-10,31,10,7,2017,0,12.0,21.0,21.571428571428573,-0.4999999999999997,-0.8660254037844388,0.0,1.0
2017-07-11,28,11,7,2017,1,31.0,26.0,23.0,-0.4999999999999997,-0.8660254037844388,0.7818314824680298,0.6234898018587336
2017-07-12,29,12,7,2017,2,28.0,27.0,23.285714285714285,-0.4999999999999997,-0.8660254037844388,0.9749279121818236,-0.22252093395631434
2017-07-13,17,13,7,2017,3,29.0,21.0,23.571428571428573,-0.4999999999999997,-0.8660254037844388,0.43388373911755823,-0.900968867902419
2017-07-14,19,14,7,2017,4,17.0,25.0,23.0,-0.4999999999999997,-0.8660254037844388,-0.433883739117558,-0.9009688679024191
2017-07-15,12,15,7,2017,5,19.0,19.0,22.142857142857142,-0.4999999999999997,-0.8660254037844388,-0.9749279121818236,-0.2225209339563146
2017-07-16,10,16,7,2017,6,12.0,12.0,21.142857142857142,-0.4999999999999997,-0.8660254037844388,-0.7818314824680299,0.6234898018587334
2017-07-17,30,17,7,2017,0,10.0,31.0,20.857142857142858,-0.4999999999999997,-0.8660254037844388,0.0,1.0
2017-07-18,26,18,7,2017,1,30.0,28.0,20.714285714285715,-0.4999999999999997,-0.8660254037844388,0.7818314824680298,0.6234898018587336
2017-07-19,17,19,7,2017,2,26.0,29.0,20.428571428571427,-0.4999999999999997,-0.8660254037844388,0.9749279121818236,-0.22252093395631434
2017-07-20,20,20,7,2017,3,17.0,17.0,18.714285714285715,-0.4999999999999997,-0.8660254037844388,0.43388373911755823,-0.900968867902419
2017-07-21,16,21,7,2017,4,20.0,19.0,19.142857142857142,-0.4999999999999997,-0.8660254037844388,-0.433883739117558,-0.9009688679024191
2017-07-22,17,22,7,2017,5,16.0,12.0,18.714285714285715,-0.4999999999999997,-0.8660254037844388,-0.9749279121818236,-0.2225209339563146
2017-07-23,11,23,7,2017,6,17.0,10.0,19.428571428571427,-0.4999999999999997,-0.8660254037844388,-0.7818314824680299,0.6234898018587334
2017-07-24,27,24,7,2017,0,11.0,30.0,19.571428571428573,-0.4999999999999997,-0.8660254037844388,0.0,1.0
2017-07-25,16,25,7,2017,1,27.0,26.0,19.142857142857142,-0.4999999999999997,-0.8660254037844388,0.7818314824680298,0.6234898018587336
2017-07-26,26,26,7,2017,2,16.0,17.0,17.714285714285715,-0.4999999999999997,-0.8660254037844388,0.9749279121818236,-0.22252093395631434
2017-07-27,20,27,7,2017,3,26.0,20.0,19.0,-0.4999999999999997,-0.8660254037844388,0.43388373911755823,-0.900968867902419
2017-07-28,18,28,7,2017,4,20.0,16.0,19.0,-0.4999999999999997,-0.8660254037844388,-0.433883739117558,-0.9009688679024191
2017-07-29,11,29,7,2017,5,18.0,17.0,19.285714285714285,-0.4999999999999997,-0.8660254037844388,-0.9749279121818236,-0.2225209339563146
2017-07-30,18,30,7,2017,6,11.0,11.0,18.428571428571427,-0.4999999999999997,-0.8660254037844388,-0.7818314824680299,0.6234898018587334
2017-07-31,19,31,7,2017,0,18.0,27.0,19.428571428571427,-0.4999999999999997,-0.8660254037844388,0.0,1.0
2017-08-01,25,1,8,2017,1,19.0,16.0,18.285714285714285,-0.8660254037844385,-0.5000000000000004,0.7818314824680298,0.6234898018587336
2017-08-02,20,2,8,2017,2,25.0,26.0,19.571428571428573,-0.8660254037844385,-0.5000000000000004,0.9749279121818236,-0.22252093395631434
2017-08-03,18,3,8,2017,3,20.0,20.0,18.714285714285715,-0.8660254037844385,-0.5000000000000004,0.43388373911755823,-0.900968867902419
2017-08-04,25,4,8,2017,4,18.0,18.0,18.428571428571427,-0.8660254037844385,-0.5000000000000004,-0.433883739117558,-0.9009688679024191
2017-08-05,20,5,8,2017,5,25.0,11.0,19.428571428571427,-0.8660254037844385,-0.5000000000000004,-0.9749279121818236,-0.2225209339563146
2017-08-06,21,6,8,2017,6,20.0,18.0,20.714285714285715,-0.8660254037844385,-0.5000000000000004,-0.7818314824680299,0.6234898018587334
2017-08-07,18,7,8,2017,0,21.0,19.0,21.142857142857142,-0.8660254037844385,-0.5000000000000004,0.0,1.0
2017-08-08,23,8,8,2017,1,18.0,25.0,21.0,-0.8660254037844385,-0.5000000000000004,0.7818314824680298,0.6234898018587336
2017-08-09,5,9,8,2017,2,23.0,20.0,20.714285714285715,-0.8660254037844385,-0.5000000000000004,0.9749279121818236,-0.22252093395631434
2017-08-10,4,10,8,2017,3,5.0,18.0,18.571428571428573,-0.8660254037844385,-0.5000000000000004,0.43388373911755823,-0.900968867902419
2017-08-11,11,11,8,2017,4,4.0,25.0,16.571428571428573,-0.8660254037844385,-0.5000000000000004,-0.433883739117558,-0.9009688679024191
2017-08-12,12,12,8,2017,5,11.0,20.0,14.571428571428571,-0.8660254037844385,-0.5000000000000004,-0.9749279121818236,-0.2225209339563146
2017-08-13,11,13,8,2017,6,12.0,21.0,13.428571428571429,-0.8660254037844385,-0.5000000000000004,-0.7818314824680299,0.6234898018587334
2017-08-14,13,14,8,2017,0,11.0,18.0,12.0,-0.8660254037844385,-0.5000000000000004,0.0,1.0
2017-08-15,9,15,8,2017,1,13.0,23.0,11.285714285714286,-0.8660254037844385,-0.5000000000000004,0.7818314824680298,0.6234898018587336
2017-08-16,14,16,8,2017,2,9.0,5.0,9.285714285714286,-0.8660254037844385,-0.5000000000000004,0.9749279121818236,-0.22252093395631434
2017-08-17,18,17,8,2017,3,14.0,4.0,10.571428571428571,-0.8660254037844385,-0.5000000000000004,0.43388373911755823,-0.900968867902419
2017-08-18,6,18,8,2017,4,18.0,11.0,12.571428571428571,-0.8660254037844385,-0.5000000000000004,-0.433883739117558,-0.9009688679024191
2017-08-19,5,19,8,2017,5,6.0,12.0,11.857142857142858,-0.8660254037844385,-0.5000000000000004,-0.9749279121818236,-0.2225209339563146
2017-08-20,9,20,8,2017,6,5.0,11.0,10.857142857142858,-0.8660254037844385,-0.5000000000000004,-0.7818314824680299,0.6234898018587334
2017-08-21,27,21,8,2017,0,9.0,13.0,10.571428571428571,-0.8660254037844385,-0.5000000000000004,0.0,1.0
2017-08-22,22,22,8,2017,1,27.0,9.0,12.571428571428571,-0.8660254037844385,-0.5000000000000004,0.7818314824680298,0.6234898018587336
2017-08-23,24,23,8,2017,2,22.0,14.0,14.428571428571429,-0.8660254037844385,-0.5000000000000004,0.9749279121818236,-0.22252093395631434
2017-08-24,32,24,8,2017,3,24.0,18.0,15.857142857142858,-0.8660254037844385,-0.5000000000000004,0.43388373911755823,-0.900968867902419
2017-08-25,22,25,8,2017,4,32.0,6.0,17.857142857142858,-0.8660254037844385,-0.5000000000000004,-0.433883739117558,-0.9009688679024191
2017-08-26,18,26,8,2017,5,22.0,5.0,20.142857142857142,-0.8660254037844385,-0.5000000000000004,-0.9749279121818236,-0.2225209339563146
2017-08-27,15,27,8,2017,6,18.0,9.0,22.0,-0.8660254037844385,-0.5000000000000004,-0.7818314824680299,0.6234898018587334
2017-08-28,21,28,8,2017,0,15.0,27.0,22.857142857142858,-0.8660254037844385,-0.5000000000000004,0.0,1.0
2017-08-29,18,29,8,2017,1,21.0,22.0,22.0,-0.8660254037844385,-0.5000000000000004,0.7818314824680298,0.6234898018587336
2017-08-30,26,30,8,2017,2,18.0,24.0,21.428571428571427,-0.8660254037844385,-0.5000000000000004,0.9749279121818236,-0.22252093395631434
2017-08-31,24,31,8,2017,3,26.0,32.0,21.714285714285715,-0.8660254037844385,-0.5000000000000004,0.43388373911755823,-0.900968867902419
2017-09-01,18,1,9,2017,4,24.0,22.0,20.571428571428573,-1.0,-1.8369701987210297e-16,-0.433883739117558,-0.9009688679024191
2017-09-02,18,2,9,2017,5,18.0,18.0,20.0,-1.0,-1.8369701987210297e-16,-0.9749279121818236,-0.2225209339563146
2017-09-03,7,3,9,2017,6,18.0,15.0,20.0,-1.0,-1.8369701987210297e-16,-0.7818314824680299,0.6234898018587334
2017-09-04,23,4,9,2017,0,7.0,21.0,18.857142857142858,-1.0,-1.8369701987210297e-16,0.0,1.0
2017-09-05,21,5,9,2017,1,23.0,18.0,19.142857142857142,-1.0,-1.8369701987210297e-16,0.7818314824680298,0.6234898018587336
2017-09-06,24,6,9,2017,2,21.0,26.0,19.571428571428573,-1.0,-1.8369701987210297e-16,0.9749279121818236,-0.22252093395631434
2017-09-07,13,7,9,2017,3,24.0,24.0,19.285714285714285,-1.0,-1.8369701987210297e-16,0.43388373911755823,-0.900968867902419
2017-09-08,18,8,9,2017,4,13.0,18.0,17.714285714285715,-1.0,-1.8369701987210297e-16,-0.433883739117558,-0.9009688679024191
2017-09-09,20,9,9,2017,5,18.0,18.0,17.714285714285715,-1.0,-1.8369701987210297e-16,-0.9749279121818236,-0.2225209339563146
2017-09-10,15,10,9,2017,6,20.0,7.0,18.0,-1.0,-1.8369701987210297e-16,-0.7818314824680299,0.6234898018587334
2017-09-11,34,11,9,2017,0,15.0,23.0,19.142857142857142,-1.0,-1.8369701987210297e-16,0.0,1.0
2017-09-12,32,12,9,2017,1,34.0,21.0,20.714285714285715,-1.0,-1.8369701987210297e-16,0.7818314824680298,0.6234898018587336
2017-09-13,24,13,9,2017,2,32.0,24.0,22.285714285714285,-1.0,-1.8369701987210297e-16,0.9749279121818236,-0.22252093395631434
2017-09-14,24,14,9,2017,3,24.0,13.0,22.285714285714285,-1.0,-1.8369701987210297e-16,0.43388373911755823,-0.900968867902419
2017-09-15,27,15,9,2017,4,24.0,18.0,23.857142857142858,-1.0,-1.8369701987210297e-16,-0.433883739117558,-0.9009688679024191
2017-09-16,20,16,9,2017,5,27.0,20.0,25.142857142857142,-1.0,-1.8369701987210297e-16,-0.9749279121818236,-0.2225209339563146
2017-09-17,11,17,9,2017,6,20.0,15.0,25.142857142857142,-1.0,-1.8369701987210297e-16,-0.7818314824680299,0.6234898018587334
2017-09-18,26,18,9,2017,0,11.0,34.0,24.571428571428573,-1.0,-1.8369701987210297e-16,0.0,1.0
2017-09-19,23,19,9,2017,1,26.0,32.0,23.428571428571427,-1.0,-1.8369701987210297e-16,0.7818314824680298,0.6234898018587336
2017-09-20,15,20,9,2017,2,23.0,24.0,22.142857142857142,-1.0,-1.8369701987210297e-16,0.9749279121818236,-0.22252093395631434
2017-09-21,18,21,9,2017,3,15.0,24.0,20.857142857142858,-1.0,-1.8369701987210297e-16,0.43388373911755823,-0.900968867902419
2017-09-22,20,22,9,2017,4,18.0,27.0,20.0,-1.0,-1.8369701987210297e-16,-0.433883739117558,-0.9009688679024191
2017-09-23,12,23,9,2017,5,20.0,20.0,19.0,-1.0,-1.8369701987210297e-16,-0.9749279121818236,-0.2225209339563146
2017-09-24,10,24,9,2017,6,12.0,11.0,17.857142857142858,-1.0,-1.8369701987210297e-16,-0.7818314824680299,0.6234898018587334
2017-09-25,30,25,9,2017,0,10.0,26.0,17.714285714285715,-1.0,-1.8369701987210297e-16,0.0,1.0
2017-09-26,19,26,9,2017,1,30.0,23.0,18.285714285714285,-1.0,-1.8369701987210297e-16,0.7818314824680298,0.6234898018587336
2017-09-27,20,27,9,2017,2,19.0,15.0,17.714285714285715,-1.0,-1.8369701987210297e-16,0.9749279121818236,-0.22252093395631434
2017-09-28,16,28,9,2017,3,20.0,18.0,18.428571428571427,-1.0,-1.8369701987210297e-16,0.43388373911755823,-0.900968867902419
2017-09-29,12,29,9,2017,4,16.0,20.0,18.142857142857142,-1.0,-1.8369701987210297e-16,-0.433883739117558,-0.9009688679024191
2017-09-30,12,30,9,2017,5,12.0,12.0,17.0,-1.0,-1.8369701987210297e-16,-0.9749279121818236,-0.2225209339563146
2017-10-01,15,1,10,2017,6,12.0,10.0,17.0,-0.8660254037844386,0.5000000000000001,-0.7818314824680299,0.6234898018587334
2017-10-02,23,2,10,2017,0,15.0,30.0,17.714285714285715,-0.8660254037844386,0.5000000000000001,0.0,1.0
2017-10-03,19,3,10,2017,1,23.0,19.0,16.714285714285715,-0.8660254037844386,0.5000000000000001,0.7818314824680298,0.6234898018587336
2017-10-04,31,4,10,2017,2,19.0,20.0,16.714285714285715,-0.8660254037844386,0.5000000000000001,0.9749279121818236,-0.22252093395631434
2017-10-05,21,5,10,2017,3,31.0,16.0,18.285714285714285,-0.8660254037844386,0.5000000000000001,0.43388373911755823,-0.900968867902419
2017-10-06,19,6,10,2017,4,21.0,12.0,19.0,-0.8660254037844386,0.5000000000000001,-0.433883739117558,-0.9009688679024191
2017-10-07,27,7,10,2017,5,19.0,12.0,20.0,-0.8660254037844386,0.5000000000000001,-0.9749279121818236,-0.2225209339563146
2017-10-08,18,8,10,2017,6,27.0,15.0,22.142857142857142,-0.8660254037844386,0.5000000000000001,-0.7818314824680299,0.6234898018587334
2017-10-09,19,9,10,2017,0,18.0,23.0,22.571428571428573,-0.8660254037844386,0.5000000000000001,0.0,1.0
2017-10-10,22,10,10,2017,1,19.0,19.0,22.0,-0.8660254037844386,0.5000000000000001,0.7818314824680298,0.6234898018587336
2017-10-11,18,11,10,2017,2,22.0,31.0,22.428571428571427,-0.8660254037844386,0.5000000000000001,0.9749279121818236,-0.22252093395631434
2017-10-12,23,12,10,2017,3,18.0,21.0,20.571428571428573,-0.8660254037844386,0.5000000000000001,0.43388373911755823,-0.900968867902419
2017-10-13,16,13,10,2017,4,23.0,19.0,20.857142857142858,-0.8660254037844386,0.5000000000000001,-0.433883739117558,-0.9009688679024191
2017-10-14,18,14,10,2017,5,16.0,27.0,20.428571428571427,-0.8660254037844386,0.5000000000000001,-0.9749279121818236,-0.2225209339563146
2017-10-15,14,15,10,2017,6,18.0,18.0,19.142857142857142,-0.8660254037844386,0.5000000000000001,-0.7818314824680299,0.6234898018587334
2017-10-16,19,16,10,2017,0,14.0,19.0,18.571428571428573,-0.8660254037844386,0.5000000000000001,0.0,1.0
2017-10-17,12,17,10,2017,1,19.0,22.0,18.571428571428573,-0.8660254037844386,0.5000000000000001,0.7818314824680298,0.6234898018587336
2017-10-18,8,18,10,2017,2,12.0,18.0,17.142857142857142,-0.8660254037844386,0.5000000000000001,0.9749279121818236,-0.22252093395631434
2017-10-19,6,19,10,2017,3,8.0,23.0,15.714285714285714,-0.8660254037844386,0.5000000000000001,0.43388373911755823,-0.900968867902419
2017-10-20,15,20,10,2017,4,6.0,16.0,13.285714285714286,-0.8660254037844386,0.5000000000000001,-0.433883739117558,-0.9009688679024191
2017-10-21,8,21,10,2017,5,15.0,18.0,13.142857142857142,-0.8660254037844386,0.5000000000000001,-0.9749279121818236,-0.2225209339563146
2017-10-22,8,22,10,2017,6,8.0,14.0,11.714285714285714,-0.8660254037844386,0.5000000000000001,-0.7818314824680299,0.6234898018587334
2017-10-23,13,23,10,2017,0,8.0,19.0,10.857142857142858,-0.8660254037844386,0.5000000000000001,0.0,1.0
2017-10-24,18,24,10,2017,1,13.0,12.0,10.0,-0.8660254037844386,0.5000000000000001,0.7818314824680298,0.6234898018587336
2017-10-25,17,25,10,2017,2,18.0,8.0,10.857142857142858,-0.8660254037844386,0.5000000000000001,0.9749279121818236,-0.22252093395631434
2017-10-26,20,26,10,2017,3,17.0,6.0,12.142857142857142,-0.8660254037844386,0.5000000000000001,0.43388373911755823,-0.900968867902419
2017-10-27,17,27,10,2017,4,20.0,15.0,14.142857142857142,-0.8660254037844386,0.5000000000000001,-0.433883739117558,-0.9009688679024191
2017-10-28,20,28,10,2017,5,17.0,8.0,14.428571428571429,-0.8660254037844386,0.5000000000000001,-0.9749279121818236,-0.2225209339563146
2017-10-29,14,29,10,2017,6,20.0,8.0,16.142857142857142,-0.8660254037844386,0.5000000000000001,-0.7818314824680299,0.6234898018587334
2017-10-30,30,30,10,2017,0,14.0,13.0,17.0,-0.8660254037844386,0.5000000000000001,0.0,1.0
2017-10-31,31,31,10,2017,1,30.0,18.0,19.428571428571427,-0.8660254037844386,0.5000000000000001,0.7818314824680298,0.6234898018587336
2017-11-01,22,1,11,2017,2,31.0,17.0,21.285714285714285,-0.5000000000000004,0.8660254037844384,0.9749279121818236,-0.22252093395631434
2017-11-02,27,2,11,2017,3,22.0,20.0,22.0,-0.5000000000000004,0.8660254037844384,0.43388373911755823,-0.900968867902419
2017-11-03,18,3,11,2017,4,27.0,17.0,23.0,-0.5000000000000004,0.8660254037844384,-0.433883739117558,-0.9009688679024191
2017-11-04,20,4,11,2017,5,18.0,20.0,23.142857142857142,-0.5000000000000004,0.8660254037844384,-0.9749279121818236,-0.2225209339563146
2017-11-05,15,5,11,2017,6,20.0,14.0,23.142857142857142,-0.5000000000000004,0.8660254037844384,-0.7818314824680299,0.6234898018587334
2017-11-06,29,6,11,2017,0,15.0,30.0,23.285714285714285,-0.5000000000000004,0.8660254037844384,0.0,1.0
2017-11-07,20,7,11,2017,1,29.0,31.0,23.142857142857142,-0.5000000000000004,0.8660254037844384,0.7818314824680298,0.6234898018587336
2017-11-08,22,8,11,2017,2,20.0,22.0,21.571428571428573,-0.5000000000000004,0.8660254037844384,0.9749279121818236,-0.22252093395631434
2017-11-09,19,9,11,2017,3,22.0,27.0,21.571428571428573,-0.5000000000000004,0.8660254037844384,0.43388373911755823,-0.900968867902419
2017-11-10,31,10,11,2017,4,19.0,18.0,20.428571428571427,-0.5000000000000004,0.8660254037844384,-0.433883739117558,-0.9009688679024191
2017-11-11,24,11,11,2017,5,31.0,20.0,22.285714285714285,-0.5000000000000004,0.8660254037844384,-0.9749279121818236,-0.2225209339563146
2017-11-12,20,12,11,2017,6,24.0,15.0,22.857142857142858,-0.5000000000000004,0.8660254037844384,-0.7818314824680299,0.6234898018587334
2017-11-13,36,13,11,2017,0,20.0,29.0,23.571428571428573,-0.5000000000000004,0.8660254037844384,0.0,1.0
2017-11-14,19,14,11,2017,1,36.0,20.0,24.571428571428573,-0.5000000000000004,0.8660254037844384,0.7818314824680298,0.6234898018587336
2017-11-15,29,15,11,2017,2,19.0,22.0,24.428571428571427,-0.5000000000000004,0.8660254037844384,0.9749279121818236,-0.22252093395631434
2017-11-16,23,16,11,2017,3,29.0,19.0,25.428571428571427,-0.5000000000000004,0.8660254037844384,0.43388373911755823,-0.900968867902419
2017-11-17,27,17,11,2017,4,23.0,31.0,26.0,-0.5000000000000004,0.8660254037844384,-0.433883739117558,-0.9009688679024191
2017-11-18,24,18,11,2017,5,27.0,24.0,25.428571428571427,-0.5000000000000004,0.8660254037844384,-0.9749279121818236,-0.2225209339563146
2017-11-19,14,19,11,2017,6,24.0,20.0,25.428571428571427,-0.5000000000000004,0.8660254037844384,-0.7818314824680299,0.6234898018587334
2017-11-20,32,20,11,2017,0,14.0,36.0,24.571428571428573,-0.5000000000000004,0.8660254037844384,0.0,1.0
2017-11-21,22,21,11,2017,1,32.0,19.0,24.0,-0.5000000000000004,0.8660254037844384,0.7818314824680298,0.6234898018587336
2017-11-22,23,22,11,2017,2,22.0,29.0,24.428571428571427,-0.5000000000000004,0.8660254037844384,0.9749279121818236,-0.22252093395631434
2017-11-23,26,23,11,2017,3,23.0,23.0,23.571428571428573,-0.5000000000000004,0.8660254037844384,0.43388373911755823,-0.900968867902419
2017-11-24,27,24,11,2017,4,26.0,27.0,24.0,-0.5000000000000004,0.8660254037844384,-0.433883739117558,-0.9009688679024191
2017-11-25,21,25,11,2017,5,27.0,24.0,24.0,-0.5000000000000004,0.8660254037844384,-0.9749279121818236,-0.2225209339563146
2017-11-26,12,26,11,2017,6,21.0,14.0,23.571428571428573,-0.5000000000000004,0.8660254037844384,-0.7818314824680299,0.6234898018587334
2017-11-27,20,27,11,2017,0,12.0,32.0,23.285714285714285,-0.5000000000000004,0.8660254037844384,0.0,1.0
2017-11-28,30,28,11,2017,1,20.0,22.0,21.571428571428573,-0.5000000000000004,0.8660254037844384,0.7818314824680298,0.6234898018587336
2017-11-29,26,29,11,2017,2,30.0,23.0,22.714285714285715,-0.5000000000000004,0.8660254037844384,0.9749279121818236,-0.22252093395631434
2017-11-30,29,30,11,2017,3,26.0,26.0,23.142857142857142,-0.5000000000000004,0.8660254037844384,0.43388373911755823,-0.900968867902419
2017-12-01,18,1,12,2017,4,29.0,27.0,23.571428571428573,-2.4492935982947064e-16,1.0,-0.433883739117558,-0.9009688679024191
2017-12-02,25,2,12,2017,5,18.0,21.0,22.285714285714285,-2.4492935982947064e-16,1.0,-0.9749279121818236,-0.2225209339563146
2017-12-03,24,3,12,2017,6,25.0,12.0,22.857142857142858,-2.4492935982947064e-16,1.0,-0.7818314824680299,0.6234898018587334
2017-12-04,19,4,12,2017,0,24.0,20.0,24.571428571428573,-2.4492935982947064e-16,1.0,0.0,1.0
2017-12-05,30,5,12,2017,1,19.0,30.0,24.428571428571427,-2.4492935982947064e-16,1.0,0.7818314824680298,0.6234898018587336
2017-12-06,14,6,12,2017,2,30.0,26.0,24.428571428571427,-2.4492935982947064e-16,1.0,0.9749279121818236,-0.22252093395631434
2017-12-07,22,7,12,2017,3,14.0,29.0,22.714285714285715,-2.4492935982947064e-16,1.0,0.43388373911755823,-0.900968867902419
2017-12-08,20,8,12,2017,4,22.0,18.0,21.714285714285715,-2.4492935982947064e-16,1.0,-0.433883739117558,-0.9009688679024191
2017-12-09,14,9,12,2017,5,20.0,25.0,22.0,-2.4492935982947064e-16,1.0,-0.9749279121818236,-0.2225209339563146
2017-12-10,20,10,12,2017,6,14.0,24.0,20.428571428571427,-2.4492935982947064e-16,1.0,-0.7818314824680299,0.6234898018587334
2017-12-11,18,11,12,2017,0,20.0,19.0,19.857142857142858,-2.4492935982947064e-16,1.0,0.0,1.0
2017-12-12,22,12,12,2017,1,18.0,30.0,19.714285714285715,-2.4492935982947064e-16,1.0,0.7818314824680298,0.6234898018587336
2017-12-13,16,13,12,2017,2,22.0,14.0,18.571428571428573,-2.4492935982947064e-16,1.0,0.9749279121818236,-0.22252093395631434
2017-12-14,15,14,12,2017,3,16.0,22.0,18.857142857142858,-2.4492935982947064e-16,1.0,0.43388373911755823,-0.900968867902419
2017-12-15,15,15,12,2017,4,15.0,20.0,17.857142857142858,-2.4492935982947064e-16,1.0,-0.433883739117558,-0.9009688679024191
2017-12-16,14,16,12,2017,5,15.0,14.0,17.142857142857142,-2.4492935982947064e-16,1.0,-0.9749279121818236,-0.2225209339563146
2017-12-17,17,17,12,2017,6,14.0,20.0,17.142857142857142,-2.4492935982947064e-16,1.0,-0.7818314824680299,0.6234898018587334
2017-12-18,24,18,12,2017,0,17.0,18.0,16.714285714285715,-2.4492935982947064e-16,1.0,0.0,1.0
2017-12-19,16,19,12,2017,1,24.0,22.0,17.571428571428573,-2.4492935982947064e-16,1.0,0.7818314824680298,0.6234898018587336
2017-12-20,21,20,12,2017,2,16.0,16.0,16.714285714285715,-2.4492935982947064e-16,1.0,0.9749279121818236,-0.22252093395631434
2017-12-21,20,21,12,2017,3,21.0,15.0,17.428571428571427,-2.4492935982947064e-16,1.0,0.43388373911755823,-0.900968867902419
2017-12-22,21,22,12,2017,4,20.0,15.0,18.142857142857142,-2.4492935982947064e-16,1.0,-0.433883739117558,-0.9009688679024191
2017-12-23,14,23,12,2017,5,21.0,14.0,19.0,-2.4492935982947064e-16,1.0,-0.9749279121818236,-0.2225209339563146
2017-12-24,10,24,12,2017,6,14.0,17.0,19.0,-2.4492935982947064e-16,1.0,-0.7818314824680299,0.6234898018587334
2017-12-25,14,25,12,2017,0,10.0,24.0,18.0,-2.4492935982947064e-16,1.0,0.0,1.0
2017-12-26,21,26,12,2017,1,14.0,16.0,16.571428571428573,-2.4492935982947064e-16,1.0,0.7818314824680298,0.6234898018587336
2017-12-27,8,27,12,2017,2,21.0,21.0,17.285714285714285,-2.4492935982947064e-16,1.0,0.9749279121818236,-0.22252093395631434
2017-12-28,11,28,12,2017,3,8.0,20.0,15.428571428571429,-2.4492935982947064e-16,1.0,0.43388373911755823,-0.900968867902419
2017-12-29,9,29,12,2017,4,11.0,21.0,14.142857142857142,-2.4492935982947064e-16,1.0,-0.433883739117558,-0.9009688679024191
2017-12-30,12,30,12,2017,5,9.0,14.0,12.428571428571429,-2.4492935982947064e-16,1.0,-0.9749279121818236,-0.2225209339563146
2017-12-31,6,31,12,2017,6,12.0,10.0,12.142857142857142,-2.4492935982947064e-16,1.0,-0.7818314824680299,0.6234898018587334
2018-01-01,50,1,1,2018,0,6.0,14.0,11.571428571428571,0.49999999999999994,0.8660254037844387,0.0,1.0
2018-01-02,39,2,1,2018,1,50.0,21.0,16.714285714285715,0.49999999999999994,0.8660254037844387,0.7818314824680298,0.6234898018587336
2018-01-03,18,3,1,2018,2,39.0,8.0,19.285714285714285,0.49999999999999994,0.8660254037844387,0.9749279121818236,-0.22252093395631434
2018-01-04,16,4,1,2018,3,18.0,11.0,20.714285714285715,0.49999999999999994,0.8660254037844387,0.43388373911755823,-0.900968867902419
2018-01-05,26,5,1,2018,4,16.0,9.0,21.428571428571427,0.49999999999999994,0.8660254037844387,-0.433883739117558,-0.9009688679024191
2018-01-06,41,6,1,2018,5,26.0,12.0,23.857142857142858,0.49999999999999994,0.8660254037844387,-0.9749279121818236,-0.2225209339563146
2018-01-07,22,7,1,2018,6,41.0,6.0,28.0,0.49999999999999994,0.8660254037844387,-0.7818314824680299,0.6234898018587334
2018-01-08,20,8,1,2018,0,22.0,50.0,30.285714285714285,0.49999999999999994,0.8660254037844387,0.0,1.0
2018-01-09,15,9,1,2018,1,20.0,39.0,26.0,0.49999999999999994,0.8660254037844387,0.7818314824680298,0.6234898018587336
2018-01-10,23,10,1,2018,2,15.0,18.0,22.571428571428573,0.49999999999999994,0.8660254037844387,0.9749279121818236,-0.22252093395631434
2018-01-11,19,11,1,2018,3,23.0,16.0,23.285714285714285,0.49999999999999994,0.8660254037844387,0.43388373911755823,-0.900968867902419
2018-01-12,30,12,1,2018,4,19.0,26.0,23.714285714285715,0.49999999999999994,0.8660254037844387,-0.433883739117558,-0.9009688679024191
2018-01-13,4,13,1,2018,5,30.0,41.0,24.285714285714285,0.49999999999999994,0.8660254037844387,-0.9749279121818236,-0.2225209339563146
2018-01-14,4,14,1,2018,6,4.0,22.0,19.0,0.49999999999999994,0.8660254037844387,-0.7818314824680299,0.6234898018587334
2018-01-15,4,15,1,2018,0,4.0,20.0,16.428571428571427,0.49999999999999994,0.8660254037844387,0.0,1.0
2018-01-16,8,16,1,2018,1,4.0,15.0,14.142857142857142,0.49999999999999994,0.8660254037844387,0.7818314824680298,0.6234898018587336
2018-01-17,7,17,1,2018,2,8.0,23.0,13.142857142857142,0.49999999999999994,0.8660254037844387,0.9749279121818236,-0.22252093395631434
2018-01-19,3,19,1,2018,4,7.0,19.0,10.857142857142858,0.49999999999999994,0.8660254037844387,-0.433883739117558,-0.9009688679024191
2018-01-20,7,20,1,2018,5,3.0,30.0,8.571428571428571,0.49999999999999994,0.8660254037844387,-0.9749279121818236,-0.2225209339563146
2018-01-21,5,21,1,2018,6,7.0,4.0,5.285714285714286,0.49999999999999994,0.8660254037844387,-0.7818314824680299,0.6234898018587334
2018-01-22,1,22,1,2018,0,5.0,4.0,5.428571428571429,0.49999999999999994,0.8660254037844387,0.0,1.0
2018-01-23,3,23,1,2018,1,1.0,4.0,5.0,0.49999999999999994,0.8660254037844387,0.7818314824680298,0.6234898018587336
2018-01-24,4,24,1,2018,2,3.0,8.0,4.857142857142857,0.49999999999999994,0.8660254037844387,0.9749279121818236,-0.22252093395631434
2018-01-25,1,25,1,2018,3,4.0,7.0,4.285714285714286,0.49999999999999994,0.8660254037844387,0.43388373911755823,-0.900968867902419
2018-01-26,1,26,1,2018,4,1.0,3.0,3.4285714285714284,0.49999999999999994,0.8660254037844387,-0.433883739117558,-0.9009688679024191
2018-01-27,3,27,1,2018,5,1.0,7.0,3.142857142857143,0.49999999999999994,0.8660254037844387,-0.9749279121818236,-0.2225209339563146
2018-01-28,5,28,1,2018,6,3.0,5.0,2.5714285714285716,0.49999999999999994,0.8660254037844387,-0.7818314824680299,0.6234898018587334
2018-01-29,4,29,1,2018,0,5.0,1.0,2.5714285714285716,0.49999999999999994,0.8660254037844387,0.0,1.0
2018-01-30,5,30,1,2018,1,4.0,3.0,3.0,0.49999999999999994,0.8660254037844387,0.7818314824680298,0.6234898018587336
2018-01-31,2,31,1,2018,2,5.0,4.0,3.2857142857142856,0.49999999999999994,0.8660254037844387,0.9749279121818236,-0.22252093395631434
2018-02-01,35,1,2,2018,3,2.0,1.0,3.0,0.8660254037844386,0.5000000000000001,0.43388373911755823,-0.900968867902419
2018-02-02,19,2,2,2018,4,35.0,1.0,7.857142857142857,0.8660254037844386,0.5000000000000001,-0.433883739117558,-0.9009688679024191
2018-02-03,13,3,2,2018,5,19.0,3.0,10.428571428571429,0.8660254037844386,0.5000000000000001,-0.9749279121818236,-0.2225209339563146
2018-02-04,18,4,2,2018,6,13.0,5.0,11.857142857142858,0.8660254037844386,0.5000000000000001,-0.7818314824680299,0.6234898018587334
2018-02-05,19,5,2,2018,0,18.0,4.0,13.714285714285714,0.8660254037844386,0.5000000000000001,0.0,1.0
2018-02-06,30,6,2,2018,1,19.0,5.0,15.857142857142858,0.8660254037844386,0.5000000000000001,0.7818314824680298,0.6234898018587336
2018-02-07,23,7,2,2018,2,30.0,2.0,19.428571428571427,0.8660254037844386,0.5000000000000001,0.9749279121818236,-0.22252093395631434
2018-02-08,16,8,2,2018,3,23.0,35.0,22.428571428571427,0.8660254037844386,0.5000000000000001,0.43388373911755823,-0.900968867902419
2018-02-09,12,9,2,2018,4,16.0,19.0,19.714285714285715,0.8660254037844386,0.5000000000000001,-0.433883739117558,-0.9009688679024191
2018-02-10,30,10,2,2018,5,12.0,13.0,18.714285714285715,0.8660254037844386,0.5000000000000001,-0.9749279121818236,-0.2225209339563146
2018-02-11,27,11,2,2018,6,30.0,18.0,21.142857142857142,0.8660254037844386,0.5000000000000001,-0.7818314824680299,0.6234898018587334
2018-02-12,22,12,2,2018,0,27.0,19.0,22.428571428571427,0.8660254037844386,0.5000000000000001,0.0,1.0
2018-02-13,4,13,2,2018,1,22.0,30.0,22.857142857142858,0.8660254037844386,0.5000000000000001,0.7818314824680298,0.6234898018587336
2018-02-14,5,14,2,2018,2,4.0,23.0,19.142857142857142,0.8660254037844386,0.5000000000000001,0.9749279121818236,-0.22252093395631434
2018-02-15,2,15,2,2018,3,5.0,16.0,16.571428571428573,0.8660254037844386,0.5000000000000001,0.43388373911755823,-0.900968867902419
2018-02-16,1,16,2,2018,4,2.0,12.0,14.571428571428571,0.8660254037844386,0.5000000000000001,-0.433883739117558,-0.9009688679024191
2018-02-17,1,17,2,2018,5,1.0,30.0,13.0,0.8660254037844386,0.5000000000000001,-0.9749279121818236,-0.2225209339563146
2018-02-18,5,18,2,2018,6,1.0,27.0,8.857142857142858,0.8660254037844386,0.5000000000000001,-0.7818314824680299,0.6234898018587334
2018-02-19,2,19,2,2018,0,5.0,22.0,5.714285714285714,0.8660254037844386,0.5000000000000001,0.0,1.0
2018-02-20,3,20,2,2018,1,2.0,4.0,2.857142857142857,0.8660254037844386,0.5000000000000001,0.7818314824680298,0.6234898018587336
2018-02-21,3,21,2,2018,2,3.0,5.0,2.7142857142857144,0.8660254037844386,0.5000000000000001,0.9749279121818236,-0.22252093395631434
2018-02-22,4,22,2,2018,3,3.0,2.0,2.4285714285714284,0.8660254037844386,0.5000000000000001,0.43388373911755823,-0.900968867902419
2018-02-23,3,23,2,2018,4,4.0,1.0,2.7142857142857144,0.8660254037844386,0.5000000000000001,-0.433883739117558,-0.9009688679024191
2018-02-24,3,24,2,2018,5,3.0,1.0,3.0,0.8660254037844386,0.5000000000000001,-0.9749279121818236,-0.2225209339563146
2018-02-25,2,25,2,2018,6,3.0,5.0,3.2857142857142856,0.8660254037844386,0.5000000000000001,-0.7818314824680299,0.6234898018587334
2018-02-26,6,26,2,2018,0,2.0,2.0,2.857142857142857,0.8660254037844386,0.5000000000000001,0.0,1.0
2018-02-27,3,27,2,2018,1,6.0,3.0,3.4285714285714284,0.8660254037844386,0.5000000000000001,0.7818314824680298,0.6234898018587336
2018-02-28,2,28,2,2018,2,3.0,3.0,3.4285714285714284,0.8660254037844386,0.5000000000000001,0.9749279121818236,-0.22252093395631434
2018-03-01,35,1,3,2018,3,2.0,4.0,3.2857142857142856,1.0,6.123233995736766e-17,0.43388373911755823,-0.900968867902419
2018-03-02,22,2,3,2018,4,35.0,3.0,7.714285714285714,1.0,6.123233995736766e-17,-0.433883739117558,-0.9009688679024191
2018-03-03,22,3,3,2018,5,22.0,3.0,10.428571428571429,1.0,6.123233995736766e-17,-0.9749279121818236,-0.2225209339563146
2018-03-04,19,4,3,2018,6,22.0,2.0,13.142857142857142,1.0,6.123233995736766e-17,-0.7818314824680299,0.6234898018587334
2018-03-05,20,5,3,2018,0,19.0,6.0,15.571428571428571,1.0,6.123233995736766e-17,0.0,1.0
2018-03-06,17,6,3,2018,1,20.0,3.0,17.571428571428573,1.0,6.123233995736766e-17,0.7818314824680298,0.6234898018587336
2018-03-07,29,7,3,2018,2,17.0,2.0,19.571428571428573,1.0,6.123233995736766e-17,0.9749279121818236,-0.22252093395631434
2018-03-08,33,8,3,2018,3,29.0,35.0,23.428571428571427,1.0,6.123233995736766e-17,0.43388373911755823,-0.900968867902419
2018-03-09,38,9,3,2018,4,33.0,22.0,23.142857142857142,1.0,6.123233995736766e-17,-0.433883739117558,-0.9009688679024191
2018-03-10,36,10,3,2018,5,38.0,22.0,25.428571428571427,1.0,6.123233995736766e-17,-0.9749279121818236,-0.2225209339563146
2018-03-11,31,11,3,2018,6,36.0,19.0,27.428571428571427,1.0,6.123233995736766e-17,-0.7818314824680299,0.6234898018587334
2018-03-12,39,12,3,2018,0,31.0,20.0,29.142857142857142,1.0,6.123233995736766e-17,0.0,1.0
2018-03-13,10,13,3,2018,1,39.0,17.0,31.857142857142858,1.0,6.123233995736766e-17,0.7818314824680298,0.6234898018587336
2018-03-14,8,14,3,2018,2,10.0,29.0,30.857142857142858,1.0,6.123233995736766e-17,0.9749279121818236,-0.22252093395631434
2018-03-15,8,15,3,2018,3,8.0,33.0,27.857142857142858,1.0,6.123233995736766e-17,0.43388373911755823,-0.900968867902419
2018-03-16,10,16,3,2018,4,8.0,38.0,24.285714285714285,1.0,6.123233995736766e-17,-0.433883739117558,-0.9009688679024191
2018-03-17,6,17,3,2018,5,10.0,36.0,20.285714285714285,1.0,6.123233995736766e-17,-0.9749279121818236,-0.2225209339563146
2018-03-18,3,18,3,2018,6,6.0,31.0,16.0,1.0,6.123233995736766e-17,-0.7818314824680299,0.6234898018587334
2018-03-19,5,19,3,2018,0,3.0,39.0,12.0,1.0,6.123233995736766e-17,0.0,1.0
2018-03-20,8,20,3,2018,1,5.0,10.0,7.142857142857143,1.0,6.123233995736766e-17,0.7818314824680298,0.6234898018587336
2018-03-21,5,21,3,2018,2,8.0,8.0,6.857142857142857,1.0,6.123233995736766e-17,0.9749279121818236,-0.22252093395631434
2018-03-22,4,22,3,2018,3,5.0,8.0,6.428571428571429,1.0,6.123233995736766e-17,0.43388373911755823,-0.900968867902419
2018-03-23,4,23,3,2018,4,4.0,10.0,5.857142857142857,1.0,6.123233995736766e-17,-0.433883739117558,-0.9009688679024191
2018-03-24,8,24,3,2018,5,4.0,6.0,5.0,1.0,6.123233995736766e-17,-0.9749279121818236,-0.2225209339563146
2018-03-25,7,25,3,2018,6,8.0,3.0,5.285714285714286,1.0,6.123233995736766e-17,-0.7818314824680299,0.6234898018587334
2018-03-26,13,26,3,2018,0,7.0,5.0,5.857142857142857,1.0,6.123233995736766e-17,0.0,1.0
2018-03-27,4,27,3,2018,1,13.0,8.0,7.0,1.0,6.123233995736766e-17,0.7818314824680298,0.6234898018587336
2018-03-28,2,28,3,2018,2,4.0,5.0,6.428571428571429,1.0,6.123233995736766e-17,0.9749279121818236,-0.22252093395631434
2018-03-29,4,29,3,2018,3,2.0,4.0,6.0,1.0,6.123233995736766e-17,0.43388373911755823,-0.900968867902419
2018-03-30,4,30,3,2018,4,4.0,4.0,6.0,1.0,6.123233995736766e-17,-0.433883739117558,-0.9009688679024191
2018-03-31,2,31,3,2018,5,4.0,8.0,6.0,1.0,6.123233995736766e-17,-0.9749279121818236,-0.2225209339563146
2018-04-01,36,1,4,2018,6,2.0,7.0,5.142857142857143,0.8660254037844387,-0.4999999999999998,-0.7818314824680299,0.6234898018587334
2018-04-02,7,2,4,2018,0,36.0,13.0,9.285714285714286,0.8660254037844387,-0.4999999999999998,0.0,1.0
2018-04-03,12,3,4,2018,1,7.0,4.0,8.428571428571429,0.8660254037844387,-0.4999999999999998,0.7818314824680298,0.6234898018587336
2018-04-04,23,4,4,2018,2,12.0,2.0,9.571428571428571,0.8660254037844387,-0.4999999999999998,0.9749279121818236,-0.22252093395631434
2018-04-05,16,5,4,2018,3,23.0,4.0,12.571428571428571,0.8660254037844387,-0.4999999999999998,0.43388373911755823,-0.900968867902419
2018-04-06,37,6,4,2018,4,16.0,4.0,14.285714285714286,0.8660254037844387,-0.4999999999999998,-0.433883739117558,-0.9009688679024191
2018-04-07,19,7,4,2018,5,37.0,2.0,19.0,0.8660254037844387,-0.4999999999999998,-0.9749279121818236,-0.2225209339563146
2018-04-08,13,8,4,2018,6,19.0,36.0,21.428571428571427,0.8660254037844387,-0.4999999999999998,-0.7818314824680299,0.6234898018587334
2018-04-09,23,9,4,2018,0,13.0,7.0,18.142857142857142,0.8660254037844387,-0.4999999999999998,0.0,1.0
2018-04-10,17,10,4,2018,1,23.0,12.0,20.428571428571427,0.8660254037844387,-0.4999999999999998,0.7818314824680298,0.6234898018587336
2018-04-11,11,11,4,2018,2,17.0,23.0,21.142857142857142,0.8660254037844387,-0.4999999999999998,0.9749279121818236,-0.22252093395631434
2018-04-12,23,12,4,2018,3,11.0,16.0,19.428571428571427,0.8660254037844387,-0.4999999999999998,0.43388373911755823,-0.900968867902419
2018-04-13,1,13,4,2018,4,23.0,37.0,20.428571428571427,0.8660254037844387,-0.4999999999999998,-0.433883739117558,-0.9009688679024191
2018-04-14,2,14,4,2018,5,1.0,19.0,15.285714285714286,0.8660254037844387,-0.4999999999999998,-0.9749279121818236,-0.2225209339563146
2018-04-15,2,15,4,2018,6,2.0,13.0,12.857142857142858,0.8660254037844387,-0.4999999999999998,-0.7818314824680299,0.6234898018587334
2018-04-16,4,16,4,2018,0,2.0,23.0,11.285714285714286,0.8660254037844387,-0.4999999999999998,0.0,1.0
2018-04-17,6,17,4,2018,1,4.0,17.0,8.571428571428571,0.8660254037844387,-0.4999999999999998,0.7818314824680298,0.6234898018587336
2018-04-18,4,18,4,2018,2,6.0,11.0,7.0,0.8660254037844387,-0.4999999999999998,0.9749279121818236,-0.22252093395631434
2018-04-19,5,19,4,2018,3,4.0,23.0,6.0,0.8660254037844387,-0.4999999999999998,0.43388373911755823,-0.900968867902419
2018-04-20,8,20,4,2018,4,5.0,1.0,3.4285714285714284,0.8660254037844387,-0.4999999999999998,-0.433883739117558,-0.9009688679024191
2018-04-21,3,21,4,2018,5,8.0,2.0,4.428571428571429,0.8660254037844387,-0.4999999999999998,-0.9749279121818236,-0.2225209339563146
2018-04-22,3,22,4,2018,6,3.0,2.0,4.571428571428571,0.8660254037844387,-0.4999999999999998,-0.7818314824680299,0.6234898018587334
2018-04-23,6,23,4,2018,0,3.0,4.0,4.714285714285714,0.8660254037844387,-0.4999999999999998,0.0,1.0
2018-04-24,5,24,4,2018,1,6.0,6.0,5.0,0.8660254037844387,-0.4999999999999998,0.7818314824680298,0.6234898018587336
2018-04-25,3,25,4,2018,2,5.0,4.0,4.857142857142857,0.8660254037844387,-0.4999999999999998,0.9749279121818236,-0.22252093395631434
2018-04-26,7,26,4,2018,3,3.0,5.0,4.714285714285714,0.8660254037844387,-0.4999999999999998,0.43388373911755823,-0.900968867902419
2018-04-27,6,27,4,2018,4,7.0,8.0,5.0,0.8660254037844387,-0.4999999999999998,-0.433883739117558,-0.9009688679024191
2018-04-28,5,28,4,2018,5,6.0,3.0,4.714285714285714,0.8660254037844387,-0.4999999999999998,-0.9749279121818236,-0.2225209339563146
2018-04-30,2,30,4,2018,0,5.0,3.0,5.0,0.8660254037844387,-0.4999999999999998,0.0,1.0
2018-05-01,40,1,5,2018,1,2.0,6.0,4.857142857142857,0.49999999999999994,-0.8660254037844387,0.7818314824680298,0.6234898018587336
2018-05-02,19,2,5,2018,2,40.0,5.0,9.714285714285714,0.49999999999999994,-0.8660254037844387,0.9749279121818236,-0.22252093395631434
2018-05-03,16,3,5,2018,3,19.0,3.0,11.714285714285714,0.49999999999999994,-0.8660254037844387,0.43388373911755823,-0.900968867902419
2018-05-04,25,4,5,2018,4,16.0,7.0,13.571428571428571,0.49999999999999994,-0.8660254037844387,-0.433883739117558,-0.9009688679024191
2018-05-05,22,5,5,2018,5,25.0,6.0,16.142857142857142,0.49999999999999994,-0.8660254037844387,-0.9749279121818236,-0.2225209339563146
2018-05-06,26,6,5,2018,6,22.0,5.0,18.428571428571427,0.49999999999999994,-0.8660254037844387,-0.7818314824680299,0.6234898018587334
2018-05-07,27,7,5,2018,0,26.0,2.0,21.428571428571427,0.49999999999999994,-0.8660254037844387,0.0,1.0
2018-05-08,15,8,5,2018,1,27.0,40.0,25.0,0.49999999999999994,-0.8660254037844387,0.7818314824680298,0.6234898018587336
2018-05-09,18,9,5,2018,2,15.0,19.0,21.428571428571427,0.49999999999999994,-0.8660254037844387,0.9749279121818236,-0.22252093395631434
2018-05-10,17,10,5,2018,3,18.0,16.0,21.285714285714285,0.49999999999999994,-0.8660254037844387,0.43388373911755823,-0.900968867902419
2018-05-11,28,11,5,2018,4,17.0,25.0,21.428571428571427,0.49999999999999994,-0.8660254037844387,-0.433883739117558,-0.9009688679024191
2018-05-12,39,12,5,2018,5,28.0,22.0,21.857142857142858,0.49999999999999994,-0.8660254037844387,-0.9749279121818236,-0.2225209339563146
2018-05-13,5,13,5,2018,6,39.0,26.0,24.285714285714285,0.49999999999999994,-0.8660254037844387,-0.7818314824680299,0.6234898018587334
2018-05-14,3,14,5,2018,0,5.0,27.0,21.285714285714285,0.49999999999999994,-0.8660254037844387,0.0,1.0
2018-05-15,1,15,5,2018,1,3.0,15.0,17.857142857142858,0.49999999999999994,-0.8660254037844387,0.7818314824680298,0.6234898018587336
2018-05-16,3,16,5,2018,2,1.0,18.0,15.857142857142858,0.49999999999999994,-0.8660254037844387,0.9749279121818236,-0.22252093395631434
2018-05-17,1,17,5,2018,3,3.0,17.0,13.714285714285714,0.49999999999999994,-0.8660254037844387,0.43388373911755823,-0.900968867902419
2018-05-18,1,18,5,2018,4,1.0,28.0,11.428571428571429,0.49999999999999994,-0.8660254037844387,-0.433883739117558,-0.9009688679024191
2018-05-19,4,19,5,2018,5,1.0,39.0,7.571428571428571,0.49999999999999994,-0.8660254037844387,-0.9749279121818236,-0.2225209339563146
2018-05-20,1,20,5,2018,6,4.0,5.0,2.5714285714285716,0.49999999999999994,-0.8660254037844387,-0.7818314824680299,0.6234898018587334
2018-05-21,2,21,5,2018,0,1.0,3.0,2.0,0.49999999999999994,-0.8660254037844387,0.0,1.0
2018-05-22,8,22,5,2018,1,2.0,1.0,1.8571428571428572,0.49999999999999994,-0.8660254037844387,0.7818314824680298,0.6234898018587336
2018-05-23,2,23,5,2018,2,8.0,3.0,2.857142857142857,0.49999999999999994,-0.8660254037844387,0.9749279121818236,-0.22252093395631434
2018-05-24,5,24,5,2018,3,2.0,1.0,2.7142857142857144,0.49999999999999994,-0.8660254037844387,0.43388373911755823,-0.900968867902419
2018-05-25,2,25,5,2018,4,5.0,1.0,3.2857142857142856,0.49999999999999994,-0.8660254037844387,-0.433883739117558,-0.9009688679024191
2018-05-26,2,26,5,2018,5,2.0,4.0,3.4285714285714284,0.49999999999999994,-0.8660254037844387,-0.9749279121818236,-0.2225209339563146
2018-05-27,1,27,5,2018,6,2.0,1.0,3.142857142857143,0.49999999999999994,-0.8660254037844387,-0.7818314824680299,0.6234898018587334
2018-05-28,2,28,5,2018,0,1.0,2.0,3.142857142857143,0.49999999999999994,-0.8660254037844387,0.0,1.0
2018-05-29,1,29,5,2018,1,2.0,8.0,3.142857142857143,0.49999999999999994,-0.8660254037844387,0.7818314824680298,0.6234898018587336
2018-06-01,24,1,6,2018,4,1.0,2.0,2.142857142857143,1.2246467991473532e-16,-1.0,-0.433883739117558,-0.9009688679024191
2018-06-02,8,2,6,2018,5,24.0,5.0,5.285714285714286,1.2246467991473532e-16,-1.0,-0.9749279121818236,-0.2225209339563146
2018-06-03,5,3,6,2018,6,8.0,2.0,5.714285714285714,1.2246467991473532e-16,-1.0,-0.7818314824680299,0.6234898018587334
2018-06-04,18,4,6,2018,0,5.0,2.0,6.142857142857143,1.2246467991473532e-16,-1.0,0.0,1.0
2018-06-05,10,5,6,2018,1,18.0,1.0,8.428571428571429,1.2246467991473532e-16,-1.0,0.7818314824680298,0.6234898018587336
2018-06-06,17,6,6,2018,2,10.0,2.0,9.714285714285714,1.2246467991473532e-16,-1.0,0.9749279121818236,-0.22252093395631434
2018-06-07,24,7,6,2018,3,17.0,1.0,11.857142857142858,1.2246467991473532e-16,-1.0,0.43388373911755823,-0.900968867902419
2018-06-08,23,8,6,2018,4,24.0,24.0,15.142857142857142,1.2246467991473532e-16,-1.0,-0.433883739117558,-0.9009688679024191
2018-06-09,17,9,6,2018,5,23.0,8.0,15.0,1.2246467991473532e-16,-1.0,-0.9749279121818236,-0.2225209339563146
2018-06-10,19,10,6,2018,6,17.0,5.0,16.285714285714285,1.2246467991473532e-16,-1.0,-0.7818314824680299,0.6234898018587334
2018-06-11,16,11,6,2018,0,19.0,18.0,18.285714285714285,1.2246467991473532e-16,-1.0,0.0,1.0
2018-06-12,28,12,6,2018,1,16.0,10.0,18.0,1.2246467991473532e-16,-1.0,0.7818314824680298,0.6234898018587336
2018-06-13,2,13,6,2018,2,28.0,17.0,20.571428571428573,1.2246467991473532e-16,-1.0,0.9749279121818236,-0.22252093395631434
2018-06-14,1,14,6,2018,3,2.0,24.0,18.428571428571427,1.2246467991473532e-16,-1.0,0.43388373911755823,-0.900968867902419
2018-06-15,1,15,6,2018,4,1.0,23.0,15.142857142857142,1.2246467991473532e-16,-1.0,-0.433883739117558,-0.9009688679024191
2018-06-16,3,16,6,2018,5,1.0,17.0,12.0,1.2246467991473532e-16,-1.0,-0.9749279121818236,-0.2225209339563146
2018-06-17,1,17,6,2018,6,3.0,19.0,10.0,1.2246467991473532e-16,-1.0,-0.7818314824680299,0.6234898018587334
2018-06-19,1,19,6,2018,1,1.0,16.0,7.428571428571429,1.2246467991473532e-16,-1.0,0.7818314824680298,0.6234898018587336
2018-06-20,3,20,6,2018,2,1.0,28.0,5.285714285714286,1.2246467991473532e-16,-1.0,0.9749279121818236,-0.22252093395631434
2018-06-21,1,21,6,2018,3,3.0,2.0,1.7142857142857142,1.2246467991473532e-16,-1.0,0.43388373911755823,-0.900968867902419
2018-06-25,3,25,6,2018,0,1.0,1.0,1.5714285714285714,1.2246467991473532e-16,-1.0,0.0,1.0
2018-06-26,3,26,6,2018,1,3.0,1.0,1.8571428571428572,1.2246467991473532e-16,-1.0,0.7818314824680298,0.6234898018587336
2018-06-27,3,27,6,2018,2,3.0,3.0,2.142857142857143,1.2246467991473532e-16,-1.0,0.9749279121818236,-0.22252093395631434
2018-06-30,3,30,6,2018,5,3.0,1.0,2.142857142857143,1.2246467991473532e-16,-1.0,-0.9749279121818236,-0.2225209339563146
2018-07-01,25,1,7,2018,6,3.0,1.0,2.4285714285714284,-0.4999999999999997,-0.8660254037844388,-0.7818314824680299,0.6234898018587334
2018-07-02,24,2,7,2018,0,25.0,3.0,5.857142857142857,-0.4999999999999997,-0.8660254037844388,0.0,1.0
2018-07-03,10,3,7,2018,1,24.0,1.0,8.857142857142858,-0.4999999999999997,-0.8660254037844388,0.7818314824680298,0.6234898018587336
2018-07-04,32,4,7,2018,2,10.0,3.0,10.142857142857142,-0.4999999999999997,-0.8660254037844388,0.9749279121818236,-0.22252093395631434
2018-07-05,29,5,7,2018,3,32.0,3.0,14.285714285714286,-0.4999999999999997,-0.8660254037844388,0.43388373911755823,-0.900968867902419
2018-07-06,27,6,7,2018,4,29.0,3.0,18.0,-0.4999999999999997,-0.8660254037844388,-0.433883739117558,-0.9009688679024191
2018-07-07,19,7,7,2018,5,27.0,3.0,21.428571428571427,-0.4999999999999997,-0.8660254037844388,-0.9749279121818236,-0.2225209339563146
2018-07-08,28,8,7,2018,6,19.0,25.0,23.714285714285715,-0.4999999999999997,-0.8660254037844388,-0.7818314824680299,0.6234898018587334
2018-07-09,23,9,7,2018,0,28.0,24.0,24.142857142857142,-0.4999999999999997,-0.8660254037844388,0.0,1.0
2018-07-10,19,10,7,2018,1,23.0,10.0,24.0,-0.4999999999999997,-0.8660254037844388,0.7818314824680298,0.6234898018587336
2018-07-11,19,11,7,2018,2,19.0,32.0,25.285714285714285,-0.4999999999999997,-0.8660254037844388,0.9749279121818236,-0.22252093395631434
2018-07-12,30,12,7,2018,3,19.0,29.0,23.428571428571427,-0.4999999999999997,-0.8660254037844388,0.43388373911755823,-0.900968867902419
2018-07-13,5,13,7,2018,4,30.0,27.0,23.571428571428573,-0.4999999999999997,-0.8660254037844388,-0.433883739117558,-0.9009688679024191
2018-07-14,2,14,7,2018,5,5.0,19.0,20.428571428571427,-0.4999999999999997,-0.8660254037844388,-0.9749279121818236,-0.2225209339563146
2018-07-15,4,15,7,2018,6,2.0,28.0,18.0,-0.4999999999999997,-0.8660254037844388,-0.7818314824680299,0.6234898018587334
2018-07-16,10,16,7,2018,0,4.0,23.0,14.571428571428571,-0.4999999999999997,-0.8660254037844388,0.0,1.0
2018-07-17,9,17,7,2018,1,10.0,19.0,12.714285714285714,-0.4999999999999997,-0.8660254037844388,0.7818314824680298,0.6234898018587336
2018-07-18,1,18,7,2018,2,9.0,19.0,11.285714285714286,-0.4999999999999997,-0.8660254037844388,0.9749279121818236,-0.22252093395631434
2018-07-19,3,19,7,2018,3,1.0,30.0,8.714285714285714,-0.4999999999999997,-0.8660254037844388,0.43388373911755823,-0.900968867902419
2018-07-20,4,20,7,2018,4,3.0,5.0,4.857142857142857,-0.4999999999999997,-0.8660254037844388,-0.433883739117558,-0.9009688679024191
2018-07-21,2,21,7,2018,5,4.0,2.0,4.714285714285714,-0.4999999999999997,-0.8660254037844388,-0.9749279121818236,-0.2225209339563146
2018-07-22,1,22,7,2018,6,2.0,4.0,4.714285714285714,-0.4999999999999997,-0.8660254037844388,-0.7818314824680299,0.6234898018587334
2018-07-23,1,23,7,2018,0,1.0,10.0,4.285714285714286,-0.4999999999999997,-0.8660254037844388,0.0,1.0
2018-07-24,4,24,7,2018,1,1.0,9.0,3.0,-0.4999999999999997,-0.8660254037844388,0.7818314824680298,0.6234898018587336
2018-07-26,1,26,7,2018,3,4.0,1.0,2.2857142857142856,-0.4999999999999997,-0.8660254037844388,0.43388373911755823,-0.900968867902419
2018-07-28,1,28,7,2018,5,1.0,3.0,2.2857142857142856,-0.4999999999999997,-0.8660254037844388,-0.9749279121818236,-0.2225209339563146
2018-07-29,1,29,7,2018,6,1.0,4.0,2.0,-0.4999999999999997,-0.8660254037844388,-0.7818314824680299,0.6234898018587334
2018-07-30,1,30,7,2018,0,1.0,2.0,1.5714285714285714,-0.4999999999999997,-0.8660254037844388,0.0,1.0
2018-08-01,25,1,8,2018,2,1.0,1.0,1.4285714285714286,-0.8660254037844385,-0.5000000000000004,0.9749279121818236,-0.22252093395631434
2018-08-02,21,2,8,2018,3,25.0,1.0,4.857142857142857,-0.8660254037844385,-0.5000000000000004,0.43388373911755823,-0.900968867902419
2018-08-03,8,3,8,2018,4,21.0,4.0,7.714285714285714,-0.8660254037844385,-0.5000000000000004,-0.433883739117558,-0.9009688679024191
2018-08-04,13,4,8,2018,5,8.0,1.0,8.285714285714286,-0.8660254037844385,-0.5000000000000004,-0.9749279121818236,-0.2225209339563146
2018-08-05,25,5,8,2018,6,13.0,1.0,10.0,-0.8660254037844385,-0.5000000000000004,-0.7818314824680299,0.6234898018587334
2018-08-06,19,6,8,2018,0,25.0,1.0,13.428571428571429,-0.8660254037844385,-0.5000000000000004,0.0,1.0
2018-08-07,4,7,8,2018,1,19.0,1.0,16.0,-0.8660254037844385,-0.5000000000000004,0.7818314824680298,0.6234898018587336
2018-08-08,10,8,8,2018,2,4.0,25.0,16.428571428571427,-0.8660254037844385,-0.5000000000000004,0.9749279121818236,-0.22252093395631434
2018-08-09,23,9,8,2018,3,10.0,21.0,14.285714285714286,-0.8660254037844385,-0.5000000000000004,0.43388373911755823,-0.900968867902419
2018-08-10,25,10,8,2018,4,23.0,8.0,14.571428571428571,-0.8660254037844385,-0.5000000000000004,-0.433883739117558,-0.9009688679024191
2018-08-11,17,11,8,2018,5,25.0,13.0,17.0,-0.8660254037844385,-0.5000000000000004,-0.9749279121818236,-0.2225209339563146
2018-08-12,22,12,8,2018,6,17.0,25.0,17.571428571428573,-0.8660254037844385,-0.5000000000000004,-0.7818314824680299,0.6234898018587334
2018-08-13,3,13,8,2018,0,22.0,19.0,17.142857142857142,-0.8660254037844385,-0.5000000000000004,0.0,1.0
2018-08-14,4,14,8,2018,1,3.0,4.0,14.857142857142858,-0.8660254037844385,-0.5000000000000004,0.7818314824680298,0.6234898018587336
2018-08-15,1,15,8,2018,2,4.0,10.0,14.857142857142858,-0.8660254037844385,-0.5000000000000004,0.9749279121818236,-0.22252093395631434
2018-08-17,2,17,8,2018,4,1.0,23.0,13.571428571428571,-0.8660254037844385,-0.5000000000000004,-0.433883739117558,-0.9009688679024191
2018-08-19,1,19,8,2018,6,2.0,25.0,10.571428571428571,-0.8660254037844385,-0.5000000000000004,-0.7818314824680299,0.6234898018587334
2018-08-20,4,20,8,2018,0,1.0,17.0,7.142857142857143,-0.8660254037844385,-0.5000000000000004,0.0,1.0
2018-08-21,2,21,8,2018,1,4.0,22.0,5.285714285714286,-0.8660254037844385,-0.5000000000000004,0.7818314824680298,0.6234898018587336
2018-08-22,3,22,8,2018,2,2.0,3.0,2.4285714285714284,-0.8660254037844385,-0.5000000000000004,0.9749279121818236,-0.22252093395631434
2018-08-23,2,23,8,2018,3,3.0,4.0,2.4285714285714284,-0.8660254037844385,-0.5000000000000004,0.43388373911755823,-0.900968867902419
2018-08-24,2,24,8,2018,4,2.0,1.0,2.142857142857143,-0.8660254037844385,-0.5000000000000004,-0.433883739117558,-0.9009688679024191
2018-08-25,3,25,8,2018,5,2.0,2.0,2.2857142857142856,-0.8660254037844385,-0.5000000000000004,-0.9749279121818236,-0.2225209339563146
2018-08-26,1,26,8,2018,6,3.0,1.0,2.4285714285714284,-0.8660254037844385,-0.5000000000000004,-0.7818314824680299,0.6234898018587334
2018-08-27,3,27,8,2018,0,1.0,4.0,2.4285714285714284,-0.8660254037844385,-0.5000000000000004,0.0,1.0
2018-08-28,1,28,8,2018,1,3.0,2.0,2.2857142857142856,-0.8660254037844385,-0.5000000000000004,0.7818314824680298,0.6234898018587336
2018-08-29,3,29,8,2018,2,1.0,3.0,2.142857142857143,-0.8660254037844385,-0.5000000000000004,0.9749279121818236,-0.22252093395631434
2018-08-30,1,30,8,2018,3,3.0,2.0,2.142857142857143,-0.8660254037844385,-0.5000000000000004,0.43388373911755823,-0.900968867902419
2018-09-01,42,1,9,2018,5,1.0,2.0,2.0,-1.0,-1.8369701987210297e-16,-0.9749279121818236,-0.2225209339563146
2018-09-02,26,2,9,2018,6,42.0,3.0,7.714285714285714,-1.0,-1.8369701987210297e-16,-0.7818314824680299,0.6234898018587334
2018-09-03,6,3,9,2018,0,26.0,1.0,11.0,-1.0,-1.8369701987210297e-16,0.0,1.0
2018-09-04,24,4,9,2018,1,6.0,3.0,11.714285714285714,-1.0,-1.8369701987210297e-16,0.7818314824680298,0.6234898018587336
2018-09-05,16,5,9,2018,2,24.0,1.0,14.714285714285714,-1.0,-1.8369701987210297e-16,0.9749279121818236,-0.22252093395631434
2018-09-06,14,6,9,2018,3,16.0,3.0,16.857142857142858,-1.0,-1.8369701987210297e-16,0.43388373911755823,-0.900968867902419
2018-09-07,21,7,9,2018,4,14.0,1.0,18.428571428571427,-1.0,-1.8369701987210297e-16,-0.433883739117558,-0.9009688679024191
2018-09-08,16,8,9,2018,5,21.0,42.0,21.285714285714285,-1.0,-1.8369701987210297e-16,-0.9749279121818236,-0.2225209339563146
2018-09-09,16,9,9,2018,6,16.0,26.0,17.571428571428573,-1.0,-1.8369701987210297e-16,-0.7818314824680299,0.6234898018587334
2018-09-10,23,10,9,2018,0,16.0,6.0,16.142857142857142,-1.0,-1.8369701987210297e-16,0.0,1.0
2018-09-11,20,11,9,2018,1,23.0,24.0,18.571428571428573,-1.0,-1.8369701987210297e-16,0.7818314824680298,0.6234898018587336
2018-09-12,18,12,9,2018,2,20.0,16.0,18.0,-1.0,-1.8369701987210297e-16,0.9749279121818236,-0.22252093395631434
2018-09-14,4,14,9,2018,4,18.0,14.0,18.285714285714285,-1.0,-1.8369701987210297e-16,-0.433883739117558,-0.9009688679024191
2018-09-15,2,15,9,2018,5,4.0,21.0,16.857142857142858,-1.0,-1.8369701987210297e-16,-0.9749279121818236,-0.2225209339563146
2018-09-16,1,16,9,2018,6,2.0,16.0,14.142857142857142,-1.0,-1.8369701987210297e-16,-0.7818314824680299,0.6234898018587334
2018-09-17,3,17,9,2018,0,1.0,16.0,12.0,-1.0,-1.8369701987210297e-16,0.0,1.0
2018-09-18,4,18,9,2018,1,3.0,23.0,10.142857142857142,-1.0,-1.8369701987210297e-16,0.7818314824680298,0.6234898018587336
2018-09-20,2,20,9,2018,3,4.0,20.0,7.428571428571429,-1.0,-1.8369701987210297e-16,0.43388373911755823,-0.900968867902419
2018-09-21,1,21,9,2018,4,2.0,18.0,4.857142857142857,-1.0,-1.8369701987210297e-16,-0.433883739117558,-0.9009688679024191
2018-09-23,1,23,9,2018,6,1.0,4.0,2.4285714285714284,-1.0,-1.8369701987210297e-16,-0.7818314824680299,0.6234898018587334
2018-09-25,4,25,9,2018,1,1.0,2.0,2.0,-1.0,-1.8369701987210297e-16,0.7818314824680298,0.6234898018587336
2018-09-26,2,26,9,2018,2,4.0,1.0,2.2857142857142856,-1.0,-1.8369701987210297e-16,0.9749279121818236,-0.22252093395631434
2018-09-28,2,28,9,2018,4,2.0,3.0,2.4285714285714284,-1.0,-1.8369701987210297e-16,-0.433883739117558,-0.9009688679024191
2018-09-29,3,29,9,2018,5,2.0,4.0,2.2857142857142856,-1.0,-1.8369701987210297e-16,-0.9749279121818236,-0.2225209339563146
2018-09-30,4,30,9,2018,6,3.0,2.0,2.142857142857143,-1.0,-1.8369701987210297e-16,-0.7818314824680299,0.6234898018587334
2018-10-01,27,1,10,2018,0,4.0,1.0,2.4285714285714284,-0.8660254037844386,0.5000000000000001,0.0,1.0
2018-10-02,15,2,10,2018,1,27.0,1.0,6.142857142857143,-0.8660254037844386,0.5000000000000001,0.7818314824680298,0.6234898018587336
2018-10-03,12,3,10,2018,2,15.0,4.0,8.142857142857142,-0.8660254037844386,0.5000000000000001,0.9749279121818236,-0.22252093395631434
2018-10-04,25,4,10,2018,3,12.0,2.0,9.285714285714286,-0.8660254037844386,0.5000000000000001,0.43388373911755823,-0.900968867902419
2018-10-05,13,5,10,2018,4,25.0,2.0,12.571428571428571,-0.8660254037844386,0.5000000000000001,-0.433883739117558,-0.9009688679024191
2018-10-06,9,6,10,2018,5,13.0,3.0,14.142857142857142,-0.8660254037844386,0.5000000000000001,-0.9749279121818236,-0.2225209339563146
2018-10-07,23,7,10,2018,6,9.0,4.0,15.0,-0.8660254037844386,0.5000000000000001,-0.7818314824680299,0.6234898018587334
2018-10-08,23,8,10,2018,0,23.0,27.0,17.714285714285715,-0.8660254037844386,0.5000000000000001,0.0,1.0
2018-10-09,26,9,10,2018,1,23.0,15.0,17.142857142857142,-0.8660254037844386,0.5000000000000001,0.7818314824680298,0.6234898018587336
2018-10-10,22,10,10,2018,2,26.0,12.0,18.714285714285715,-0.8660254037844386,0.5000000000000001,0.9749279121818236,-0.22252093395631434
2018-10-11,18,11,10,2018,3,22.0,25.0,20.142857142857142,-0.8660254037844386,0.5000000000000001,0.43388373911755823,-0.900968867902419
2018-10-12,31,12,10,2018,4,18.0,13.0,19.142857142857142,-0.8660254037844386,0.5000000000000001,-0.433883739117558,-0.9009688679024191
2018-10-13,3,13,10,2018,5,31.0,9.0,21.714285714285715,-0.8660254037844386,0.5000000000000001,-0.9749279121818236,-0.2225209339563146
2018-10-14,1,14,10,2018,6,3.0,23.0,20.857142857142858,-0.8660254037844386,0.5000000000000001,-0.7818314824680299,0.6234898018587334
2018-10-15,2,15,10,2018,0,1.0,23.0,17.714285714285715,-0.8660254037844386,0.5000000000000001,0.0,1.0
2018-10-16,1,16,10,2018,1,2.0,26.0,14.714285714285714,-0.8660254037844386,0.5000000000000001,0.7818314824680298,0.6234898018587336
2018-10-17,2,17,10,2018,2,1.0,22.0,11.142857142857142,-0.8660254037844386,0.5000000000000001,0.9749279121818236,-0.22252093395631434
2018-10-18,1,18,10,2018,3,2.0,18.0,8.285714285714286,-0.8660254037844386,0.5000000000000001,0.43388373911755823,-0.900968867902419
2018-10-19,2,19,10,2018,4,1.0,31.0,5.857142857142857,-0.8660254037844386,0.5000000000000001,-0.433883739117558,-0.9009688679024191
2018-10-20,3,20,10,2018,5,2.0,3.0,1.7142857142857142,-0.8660254037844386,0.5000000000000001,-0.9749279121818236,-0.2225209339563146
2018-10-21,2,21,10,2018,6,3.0,1.0,1.7142857142857142,-0.8660254037844386,0.5000000000000001,-0.7818314824680299,0.6234898018587334
2018-10-22,4,22,10,2018,0,2.0,2.0,1.8571428571428572,-0.8660254037844386,0.5000000000000001,0.0,1.0
2018-10-24,1,24,10,2018,2,4.0,1.0,2.142857142857143,-0.8660254037844386,0.5000000000000001,0.9749279121818236,-0.22252093395631434
2018-10-25,2,25,10,2018,3,1.0,2.0,2.142857142857143,-0.8660254037844386,0.5000000000000001,0.43388373911755823,-0.900968867902419
2018-10-26,2,26,10,2018,4,2.0,1.0,2.142857142857143,-0.8660254037844386,0.5000000000000001,-0.433883739117558,-0.9009688679024191
2018-10-27,2,27,10,2018,5,2.0,2.0,2.2857142857142856,-0.8660254037844386,0.5000000000000001,-0.9749279121818236,-0.2225209339563146
2018-10-28,1,28,10,2018,6,2.0,3.0,2.2857142857142856,-0.8660254037844386,0.5000000000000001,-0.7818314824680299,0.6234898018587334
2018-10-29,2,29,10,2018,0,1.0,2.0,2.0,-0.8660254037844386,0.5000000000000001,0.0,1.0
2018-10-30,3,30,10,2018,1,2.0,4.0,2.0,-0.8660254037844386,0.5000000000000001,0.7818314824680298,0.6234898018587336
2018-10-31,1,31,10,2018,2,3.0,1.0,1.8571428571428572,-0.8660254037844386,0.5000000000000001,0.9749279121818236,-0.22252093395631434
2018-11-01,17,1,11,2018,3,1.0,2.0,1.8571428571428572,-0.5000000000000004,0.8660254037844384,0.43388373911755823,-0.900968867902419
2018-11-02,26,2,11,2018,4,17.0,2.0,4.0,-0.5000000000000004,0.8660254037844384,-0.433883739117558,-0.9009688679024191
2018-11-03,10,3,11,2018,5,26.0,2.0,7.428571428571429,-0.5000000000000004,0.8660254037844384,-0.9749279121818236,-0.2225209339563146
2018-11-04,28,4,11,2018,6,10.0,1.0,8.571428571428571,-0.5000000000000004,0.8660254037844384,-0.7818314824680299,0.6234898018587334
2018-11-05,13,5,11,2018,0,28.0,2.0,12.428571428571429,-0.5000000000000004,0.8660254037844384,0.0,1.0
2018-11-06,26,6,11,2018,1,13.0,3.0,14.0,-0.5000000000000004,0.8660254037844384,0.7818314824680298,0.6234898018587336
2018-11-07,13,7,11,2018,2,26.0,1.0,17.285714285714285,-0.5000000000000004,0.8660254037844384,0.9749279121818236,-0.22252093395631434
2018-11-08,20,8,11,2018,3,13.0,17.0,19.0,-0.5000000000000004,0.8660254037844384,0.43388373911755823,-0.900968867902419
2018-11-09,28,9,11,2018,4,20.0,26.0,19.428571428571427,-0.5000000000000004,0.8660254037844384,-0.433883739117558,-0.9009688679024191
2018-11-10,28,10,11,2018,5,28.0,10.0,19.714285714285715,-0.5000000000000004,0.8660254037844384,-0.9749279121818236,-0.2225209339563146
2018-11-11,17,11,11,2018,6,28.0,28.0,22.285714285714285,-0.5000000000000004,0.8660254037844384,-0.7818314824680299,0.6234898018587334
2018-11-12,29,12,11,2018,0,17.0,13.0,20.714285714285715,-0.5000000000000004,0.8660254037844384,0.0,1.0
2018-11-13,3,13,11,2018,1,29.0,26.0,23.0,-0.5000000000000004,0.8660254037844384,0.7818314824680298,0.6234898018587336
2018-11-14,1,14,11,2018,2,3.0,13.0,19.714285714285715,-0.5000000000000004,0.8660254037844384,0.9749279121818236,-0.22252093395631434
2018-11-15,1,15,11,2018,3,1.0,20.0,18.0,-0.5000000000000004,0.8660254037844384,0.43388373911755823,-0.900968867902419
2018-11-16,4,16,11,2018,4,1.0,28.0,15.285714285714286,-0.5000000000000004,0.8660254037844384,-0.433883739117558,-0.9009688679024191
2018-11-17,1,17,11,2018,5,4.0,28.0,11.857142857142858,-0.5000000000000004,0.8660254037844384,-0.9749279121818236,-0.2225209339563146
2018-11-18,3,18,11,2018,6,1.0,17.0,8.0,-0.5000000000000004,0.8660254037844384,-0.7818314824680299,0.6234898018587334
2018-11-19,2,19,11,2018,0,3.0,29.0,6.0,-0.5000000000000004,0.8660254037844384,0.0,1.0
2018-11-20,3,20,11,2018,1,2.0,3.0,2.142857142857143,-0.5000000000000004,0.8660254037844384,0.7818314824680298,0.6234898018587336
2018-11-23,1,23,11,2018,4,3.0,1.0,2.142857142857143,-0.5000000000000004,0.8660254037844384,-0.433883739117558,-0.9009688679024191
2018-11-24,2,24,11,2018,5,1.0,1.0,2.142857142857143,-0.5000000000000004,0.8660254037844384,-0.9749279121818236,-0.2225209339563146
2018-11-25,1,25,11,2018,6,2.0,4.0,2.2857142857142856,-0.5000000000000004,0.8660254037844384,-0.7818314824680299,0.6234898018587334
2018-11-26,4,26,11,2018,0,1.0,1.0,1.8571428571428572,-0.5000000000000004,0.8660254037844384,0.0,1.0
2018-11-27,2,27,11,2018,1,4.0,3.0,2.2857142857142856,-0.5000000000000004,0.8660254037844384,0.7818314824680298,0.6234898018587336
2018-11-29,4,29,11,2018,3,2.0,2.0,2.142857142857143,-0.5000000000000004,0.8660254037844384,0.43388373911755823,-0.900968867902419
2018-11-30,4,30,11,2018,4,4.0,3.0,2.4285714285714284,-0.5000000000000004,0.8660254037844384,-0.433883739117558,-0.9009688679024191
2018-12-01,38,1,12,2018,5,4.0,1.0,2.5714285714285716,-2.4492935982947064e-16,1.0,-0.9749279121818236,-0.2225209339563146
2018-12-02,21,2,12,2018,6,38.0,2.0,7.857142857142857,-2.4492935982947064e-16,1.0,-0.7818314824680299,0.6234898018587334
2018-12-03,14,3,12,2018,0,21.0,1.0,10.571428571428571,-2.4492935982947064e-16,1.0,0.0,1.0
2018-12-04,22,4,12,2018,1,14.0,4.0,12.428571428571429,-2.4492935982947064e-16,1.0,0.7818314824680298,0.6234898018587336
2018-12-05,20,5,12,2018,2,22.0,2.0,15.0,-2.4492935982947064e-16,1.0,0.9749279121818236,-0.22252093395631434
2018-12-06,21,6,12,2018,3,20.0,4.0,17.571428571428573,-2.4492935982947064e-16,1.0,0.43388373911755823,-0.900968867902419
2018-12-07,15,7,12,2018,4,21.0,4.0,20.0,-2.4492935982947064e-16,1.0,-0.433883739117558,-0.9009688679024191
2018-12-08,21,8,12,2018,5,15.0,38.0,21.571428571428573,-2.4492935982947064e-16,1.0,-0.9749279121818236,-0.2225209339563146
2018-12-09,19,9,12,2018,6,21.0,21.0,19.142857142857142,-2.4492935982947064e-16,1.0,-0.7818314824680299,0.6234898018587334
2018-12-10,21,10,12,2018,0,19.0,14.0,18.857142857142858,-2.4492935982947064e-16,1.0,0.0,1.0
2018-12-11,30,11,12,2018,1,21.0,22.0,19.857142857142858,-2.4492935982947064e-16,1.0,0.7818314824680298,0.6234898018587336
2018-12-12,23,12,12,2018,2,30.0,20.0,21.0,-2.4492935982947064e-16,1.0,0.9749279121818236,-0.22252093395631434
2018-12-14,1,14,12,2018,4,23.0,21.0,21.428571428571427,-2.4492935982947064e-16,1.0,-0.433883739117558,-0.9009688679024191
2018-12-16,1,16,12,2018,6,1.0,15.0,18.571428571428573,-2.4492935982947064e-16,1.0,-0.7818314824680299,0.6234898018587334
2018-12-17,1,17,12,2018,0,1.0,21.0,16.571428571428573,-2.4492935982947064e-16,1.0,0.0,1.0
2018-12-18,2,18,12,2018,1,1.0,19.0,13.714285714285714,-2.4492935982947064e-16,1.0,0.7818314824680298,0.6234898018587336
2018-12-19,1,19,12,2018,2,2.0,21.0,11.285714285714286,-2.4492935982947064e-16,1.0,0.9749279121818236,-0.22252093395631434
2018-12-20,2,20,12,2018,3,1.0,30.0,8.428571428571429,-2.4492935982947064e-16,1.0,0.43388373911755823,-0.900968867902419
2018-12-21,1,21,12,2018,4,2.0,23.0,4.428571428571429,-2.4492935982947064e-16,1.0,-0.433883739117558,-0.9009688679024191
2018-12-23,3,23,12,2018,6,1.0,1.0,1.2857142857142858,-2.4492935982947064e-16,1.0,-0.7818314824680299,0.6234898018587334
2018-12-25,3,25,12,2018,1,3.0,1.0,1.5714285714285714,-2.4492935982947064e-16,1.0,0.7818314824680298,0.6234898018587336
2018-12-26,1,26,12,2018,2,3.0,1.0,1.8571428571428572,-2.4492935982947064e-16,1.0,0.9749279121818236,-0.22252093395631434
2018-12-28,1,28,12,2018,4,1.0,2.0,1.8571428571428572,-2.4492935982947064e-16,1.0,-0.433883739117558,-0.9009688679024191
2018-12-30,2,30,12,2018,6,1.0,1.0,1.7142857142857142,-2.4492935982947064e-16,1.0,-0.7818314824680299,0.6234898018587334
2018-12-31,4,31,12,2018,0,2.0,2.0,1.8571428571428572,-2.4492935982947064e-16,1.0,0.0,1.0
2019-01-01,23,1,1,2019,1,4.0,1.0,2.142857142857143,0.49999999999999994,0.8660254037844387,0.7818314824680298,0.6234898018587336
2019-01-02,22,2,1,2019,2,23.0,3.0,5.285714285714286,0.49999999999999994,0.8660254037844387,0.9749279121818236,-0.22252093395631434
2019-01-03,25,3,1,2019,3,22.0,3.0,8.0,0.49999999999999994,0.8660254037844387,0.43388373911755823,-0.900968867902419
2019-01-04,3,4,1,2019,4,25.0,1.0,11.142857142857142,0.49999999999999994,0.8660254037844387,-0.433883739117558,-0.9009688679024191
2019-01-05,4,5,1,2019,5,3.0,1.0,11.428571428571429,0.49999999999999994,0.8660254037844387,-0.9749279121818236,-0.2225209339563146
2019-01-06,4,6,1,2019,6,4.0,2.0,11.857142857142858,0.49999999999999994,0.8660254037844387,-0.7818314824680299,0.6234898018587334
2019-01-08,5,8,1,2019,1,4.0,4.0,12.142857142857142,0.49999999999999994,0.8660254037844387,0.7818314824680298,0.6234898018587336
2019-01-09,4,9,1,2019,2,5.0,23.0,12.285714285714286,0.49999999999999994,0.8660254037844387,0.9749279121818236,-0.22252093395631434
2019-01-10,2,10,1,2019,3,4.0,22.0,9.571428571428571,0.49999999999999994,0.8660254037844387,0.43388373911755823,-0.900968867902419
2019-01-11,1,11,1,2019,4,2.0,25.0,6.714285714285714,0.49999999999999994,0.8660254037844387,-0.433883739117558,-0.9009688679024191
2019-01-12,1,12,1,2019,5,1.0,3.0,3.2857142857142856,0.49999999999999994,0.8660254037844387,-0.9749279121818236,-0.2225209339563146
2019-01-13,1,13,1,2019,6,1.0,4.0,3.0,0.49999999999999994,0.8660254037844387,-0.7818314824680299,0.6234898018587334
2019-01-14,1,14,1,2019,0,1.0,4.0,2.5714285714285716,0.49999999999999994,0.8660254037844387,0.0,1.0
2019-01-15,1,15,1,2019,1,1.0,5.0,2.142857142857143,0.49999999999999994,0.8660254037844387,0.7818314824680298,0.6234898018587336
2019-01-16,4,16,1,2019,2,1.0,4.0,1.5714285714285714,0.49999999999999994,0.8660254037844387,0.9749279121818236,-0.22252093395631434
2019-01-17,3,17,1,2019,3,4.0,2.0,1.5714285714285714,0.49999999999999994,0.8660254037844387,0.43388373911755823,-0.900968867902419
2019-01-18,2,18,1,2019,4,3.0,1.0,1.7142857142857142,0.49999999999999994,0.8660254037844387,-0.433883739117558,-0.9009688679024191
2019-01-19,4,19,1,2019,5,2.0,1.0,1.8571428571428572,0.49999999999999994,0.8660254037844387,-0.9749279121818236,-0.2225209339563146
2019-01-20,1,20,1,2019,6,4.0,1.0,2.2857142857142856,0.49999999999999994,0.8660254037844387,-0.7818314824680299,0.6234898018587334
2019-01-22,3,22,1,2019,1,1.0,1.0,2.2857142857142856,0.49999999999999994,0.8660254037844387,0.7818314824680298,0.6234898018587336
2019-01-24,3,24,1,2019,3,3.0,1.0,2.5714285714285716,0.49999999999999994,0.8660254037844387,0.43388373911755823,-0.900968867902419
2019-01-25,4,25,1,2019,4,3.0,4.0,2.857142857142857,0.49999999999999994,0.8660254037844387,-0.433883739117558,-0.9009688679024191
2019-01-27,3,27,1,2019,6,4.0,3.0,2.857142857142857,0.49999999999999994,0.8660254037844387,-0.7818314824680299,0.6234898018587334
2019-01-28,3,28,1,2019,0,3.0,2.0,2.857142857142857,0.49999999999999994,0.8660254037844387,0.0,1.0
2019-01-29,7,29,1,2019,1,3.0,4.0,3.0,0.49999999999999994,0.8660254037844387,0.7818314824680298,0.6234898018587336
2019-01-30,4,30,1,2019,2,7.0,1.0,3.4285714285714284,0.49999999999999994,0.8660254037844387,0.9749279121818236,-0.22252093395631434
2019-01-31,5,31,1,2019,3,4.0,3.0,3.857142857142857,0.49999999999999994,0.8660254037844387,0.43388373911755823,-0.900968867902419
2019-02-01,33,1,2,2019,4,5.0,3.0,4.142857142857143,0.8660254037844386,0.5000000000000001,-0.433883739117558,-0.9009688679024191
2019-02-02,26,2,2,2019,5,33.0,4.0,8.428571428571429,0.8660254037844386,0.5000000000000001,-0.9749279121818236,-0.2225209339563146
2019-02-03,29,3,2,2019,6,26.0,3.0,11.571428571428571,0.8660254037844386,0.5000000000000001,-0.7818314824680299,0.6234898018587334
2019-02-04,2,4,2,2019,0,29.0,3.0,15.285714285714286,0.8660254037844386,0.5000000000000001,0.0,1.0
2019-02-05,2,5,2,2019,1,2.0,7.0,15.142857142857142,0.8660254037844386,0.5000000000000001,0.7818314824680298,0.6234898018587336
2019-02-06,1,6,2,2019,2,2.0,4.0,14.428571428571429,0.8660254037844386,0.5000000000000001,0.9749279121818236,-0.22252093395631434
2019-02-07,3,7,2,2019,3,1.0,5.0,14.0,0.8660254037844386,0.5000000000000001,0.43388373911755823,-0.900968867902419
2019-02-08,2,8,2,2019,4,3.0,33.0,13.714285714285714,0.8660254037844386,0.5000000000000001,-0.433883739117558,-0.9009688679024191
2019-02-09,3,9,2,2019,5,2.0,26.0,9.285714285714286,0.8660254037844386,0.5000000000000001,-0.9749279121818236,-0.2225209339563146
2019-02-10,4,10,2,2019,6,3.0,29.0,6.0,0.8660254037844386,0.5000000000000001,-0.7818314824680299,0.6234898018587334
2019-02-11,1,11,2,2019,0,4.0,2.0,2.4285714285714284,0.8660254037844386,0.5000000000000001,0.0,1.0
2019-02-12,1,12,2,2019,1,1.0,2.0,2.2857142857142856,0.8660254037844386,0.5000000000000001,0.7818314824680298,0.6234898018587336
2019-02-13,4,13,2,2019,2,1.0,1.0,2.142857142857143,0.8660254037844386,0.5000000000000001,0.9749279121818236,-0.22252093395631434
2019-02-14,2,14,2,2019,3,4.0,3.0,2.5714285714285716,0.8660254037844386,0.5000000000000001,0.43388373911755823,-0.900968867902419
2019-02-15,1,15,2,2019,4,2.0,2.0,2.4285714285714284,0.8660254037844386,0.5000000000000001,-0.433883739117558,-0.9009688679024191
2019-02-16,1,16,2,2019,5,1.0,3.0,2.2857142857142856,0.8660254037844386,0.5000000000000001,-0.9749279121818236,-0.2225209339563146
2019-02-17,2,17,2,2019,6,1.0,4.0,2.0,0.8660254037844386,0.5000000000000001,-0.7818314824680299,0.6234898018587334
2019-02-18,1,18,2,2019,0,2.0,1.0,1.7142857142857142,0.8660254037844386,0.5000000000000001,0.0,1.0
2019-02-19,2,19,2,2019,1,1.0,1.0,1.7142857142857142,0.8660254037844386,0.5000000000000001,0.7818314824680298,0.6234898018587336
2019-02-20,1,20,2,2019,2,2.0,4.0,1.8571428571428572,0.8660254037844386,0.5000000000000001,0.9749279121818236,-0.22252093395631434
2019-02-21,1,21,2,2019,3,1.0,2.0,1.4285714285714286,0.8660254037844386,0.5000000000000001,0.43388373911755823,-0.900968867902419
2019-02-22,4,22,2,2019,4,1.0,1.0,1.2857142857142858,0.8660254037844386,0.5000000000000001,-0.433883739117558,-0.9009688679024191
2019-02-23,1,23,2,2019,5,4.0,1.0,1.7142857142857142,0.8660254037844386,0.5000000000000001,-0.9749279121818236,-0.2225209339563146
2019-02-25,3,25,2,2019,0,1.0,2.0,1.7142857142857142,0.8660254037844386,0.5000000000000001,0.0,1.0
2019-02-26,1,26,2,2019,1,3.0,1.0,1.8571428571428572,0.8660254037844386,0.5000000000000001,0.7818314824680298,0.6234898018587336
2019-02-27,1,27,2,2019,2,1.0,2.0,1.8571428571428572,0.8660254037844386,0.5000000000000001,0.9749279121818236,-0.22252093395631434
2019-02-28,1,28,2,2019,3,1.0,1.0,1.7142857142857142,0.8660254037844386,0.5000000000000001,0.43388373911755823,-0.900968867902419
2019-03-01,34,1,3,2019,4,1.0,1.0,1.7142857142857142,1.0,6.123233995736766e-17,-0.433883739117558,-0.9009688679024191
2019-03-02,10,2,3,2019,5,34.0,4.0,6.428571428571429,1.0,6.123233995736766e-17,-0.9749279121818236,-0.2225209339563146
2019-03-03,22,3,3,2019,6,10.0,1.0,7.285714285714286,1.0,6.123233995736766e-17,-0.7818314824680299,0.6234898018587334
2019-03-04,3,4,3,2019,0,22.0,3.0,10.285714285714286,1.0,6.123233995736766e-17,0.0,1.0
2019-03-05,3,5,3,2019,1,3.0,1.0,10.285714285714286,1.0,6.123233995736766e-17,0.7818314824680298,0.6234898018587336
2019-03-06,2,6,3,2019,2,3.0,1.0,10.571428571428571,1.0,6.123233995736766e-17,0.9749279121818236,-0.22252093395631434
2019-03-07,2,7,3,2019,3,2.0,1.0,10.714285714285714,1.0,6.123233995736766e-17,0.43388373911755823,-0.900968867902419
2019-03-09,1,9,3,2019,5,2.0,34.0,10.857142857142858,1.0,6.123233995736766e-17,-0.9749279121818236,-0.2225209339563146
2019-03-11,1,11,3,2019,0,1.0,10.0,6.142857142857143,1.0,6.123233995736766e-17,0.0,1.0
2019-03-12,1,12,3,2019,1,1.0,22.0,4.857142857142857,1.0,6.123233995736766e-17,0.7818314824680298,0.6234898018587336
2019-03-13,1,13,3,2019,2,1.0,3.0,1.8571428571428572,1.0,6.123233995736766e-17,0.9749279121818236,-0.22252093395631434
2019-03-14,4,14,3,2019,3,1.0,3.0,1.5714285714285714,1.0,6.123233995736766e-17,0.43388373911755823,-0.900968867902419
2019-03-15,1,15,3,2019,4,4.0,2.0,1.7142857142857142,1.0,6.123233995736766e-17,-0.433883739117558,-0.9009688679024191
2019-03-16,1,16,3,2019,5,1.0,2.0,1.5714285714285714,1.0,6.123233995736766e-17,-0.9749279121818236,-0.2225209339563146
2019-03-18,1,18,3,2019,0,1.0,1.0,1.4285714285714286,1.0,6.123233995736766e-17,0.0,1.0
2019-03-19,1,19,3,2019,1,1.0,1.0,1.4285714285714286,1.0,6.123233995736766e-17,0.7818314824680298,0.6234898018587336
2019-03-20,1,20,3,2019,2,1.0,1.0,1.4285714285714286,1.0,6.123233995736766e-17,0.9749279121818236,-0.22252093395631434
2019-03-21,4,21,3,2019,3,1.0,1.0,1.4285714285714286,1.0,6.123233995736766e-17,0.43388373911755823,-0.900968867902419
2019-03-22,1,22,3,2019,4,4.0,4.0,1.8571428571428572,1.0,6.123233995736766e-17,-0.433883739117558,-0.9009688679024191
2019-03-23,1,23,3,2019,5,1.0,1.0,1.4285714285714286,1.0,6.123233995736766e-17,-0.9749279121818236,-0.2225209339563146
2019-03-24,3,24,3,2019,6,1.0,1.0,1.4285714285714286,1.0,6.123233995736766e-17,-0.7818314824680299,0.6234898018587334
2019-03-26,1,26,3,2019,1,3.0,1.0,1.7142857142857142,1.0,6.123233995736766e-17,0.7818314824680298,0.6234898018587336
2019-03-28,1,28,3,2019,3,1.0,1.0,1.7142857142857142,1.0,6.123233995736766e-17,0.43388373911755823,-0.900968867902419
2019-03-29,1,29,3,2019,4,1.0,1.0,1.7142857142857142,1.0,6.123233995736766e-17,-0.433883739117558,-0.9009688679024191
2019-03-30,2,30,3,2019,5,1.0,4.0,1.7142857142857142,1.0,6.123233995736766e-17,-0.9749279121818236,-0.2225209339563146
2019-03-31,1,31,3,2019,6,2.0,1.0,1.4285714285714286,1.0,6.123233995736766e-17,-0.7818314824680299,0.6234898018587334
2019-04-01,25,1,4,2019,0,1.0,1.0,1.4285714285714286,0.8660254037844387,-0.4999999999999998,0.0,1.0
2019-04-02,43,2,4,2019,1,25.0,3.0,4.857142857142857,0.8660254037844387,-0.4999999999999998,0.7818314824680298,0.6234898018587336
2019-04-03,26,3,4,2019,2,43.0,1.0,10.571428571428571,0.8660254037844387,-0.4999999999999998,0.9749279121818236,-0.22252093395631434
2019-05-01,28,1,5,2019,2,26.0,1.0,14.142857142857142,0.49999999999999994,-0.8660254037844387,0.9749279121818236,-0.22252093395631434
2019-05-02,37,2,5,2019,3,28.0,1.0,18.0,0.49999999999999994,-0.8660254037844387,0.43388373911755823,-0.900968867902419
2019-05-03,30,3,5,2019,4,37.0,2.0,23.142857142857142,0.49999999999999994,-0.8660254037844387,-0.433883739117558,-0.9009688679024191
2019-06-01,21,1,6,2019,5,30.0,1.0,27.142857142857142,1.2246467991473532e-16,-1.0,-0.9749279121818236,-0.2225209339563146
2019-06-02,31,2,6,2019,6,21.0,25.0,30.0,1.2246467991473532e-16,-1.0,-0.7818314824680299,0.6234898018587334
2019-06-03,20,3,6,2019,0,31.0,43.0,30.857142857142858,1.2246467991473532e-16,-1.0,0.0,1.0
2019-07-01,27,1,7,2019,0,20.0,26.0,27.571428571428573,-0.4999999999999997,-0.8660254037844388,0.0,1.0
2019-07-02,27,2,7,2019,1,27.0,28.0,27.714285714285715,-0.4999999999999997,-0.8660254037844388,0.7818314824680298,0.6234898018587336
2019-07-03,25,3,7,2019,2,27.0,37.0,27.571428571428573,-0.4999999999999997,-0.8660254037844388,0.9749279121818236,-0.22252093395631434
2019-08-01,30,1,8,2019,3,25.0,30.0,25.857142857142858,-0.8660254037844385,-0.5000000000000004,0.43388373911755823,-0.900968867902419
2019-08-02,24,2,8,2019,4,30.0,21.0,25.857142857142858,-0.8660254037844385,-0.5000000000000004,-0.433883739117558,-0.9009688679024191
2019-08-03,18,3,8,2019,5,24.0,31.0,26.285714285714285,-0.8660254037844385,-0.5000000000000004,-0.9749279121818236,-0.2225209339563146
2019-09-01,24,1,9,2019,6,18.0,20.0,24.428571428571427,-1.0,-1.8369701987210297e-16,-0.7818314824680299,0.6234898018587334
2019-09-02,18,2,9,2019,0,24.0,27.0,25.0,-1.0,-1.8369701987210297e-16,0.0,1.0
2019-09-03,16,3,9,2019,1,18.0,27.0,23.714285714285715,-1.0,-1.8369701987210297e-16,0.7818314824680298,0.6234898018587336
2019-10-01,25,1,10,2019,1,16.0,25.0,22.142857142857142,-0.8660254037844386,0.5000000000000001,0.7818314824680298,0.6234898018587336
2019-10-02,10,2,10,2019,2,25.0,30.0,22.142857142857142,-0.8660254037844386,0.5000000000000001,0.9749279121818236,-0.22252093395631434
2019-10-03,17,3,10,2019,3,10.0,24.0,19.285714285714285,-0.8660254037844386,0.5000000000000001,0.43388373911755823,-0.900968867902419
2019-11-01,14,1,11,2019,4,17.0,18.0,18.285714285714285,-0.5000000000000004,0.8660254037844384,-0.433883739117558,-0.9009688679024191
2019-11-02,32,2,11,2019,5,14.0,24.0,17.714285714285715,-0.5000000000000004,0.8660254037844384,-0.9749279121818236,-0.2225209339563146
2019-11-03,25,3,11,2019,6,32.0,18.0,18.857142857142858,-0.5000000000000004,0.8660254037844384,-0.7818314824680299,0.6234898018587334
2019-12-01,6,1,12,2019,6,25.0,16.0,19.857142857142858,-2.4492935982947064e-16,1.0,-0.7818314824680299,0.6234898018587334
2019-12-02,19,2,12,2019,0,6.0,25.0,18.428571428571427,-2.4492935982947064e-16,1.0,0.0,1.0
2019-12-03,32,3,12,2019,1,19.0,10.0,17.571428571428573,-2.4492935982947064e-16,1.0,0.7818314824680298,0.6234898018587336
